Date,Time,Latitude(N),Longitude(E),Depth(km),MD,ML,Mw,Location
2023.02.08,14:52:05,38.0082,37.9027,11.9,,3.5,3.5,HUDUTKOY-DOGANSEHIR
2023.02.08,14:55:03,38.0258,37.4772,4.1,,2.0,,TATLAR-NURHAK
2023.02.08,14:57:22,38.112,36.6213,5.0,,3.7,,KANLIKAVAK-GOKSUN
2023.02.08,15:02:57,37.9928,37.4893,21.9,,1.9,,KULLAR-NURHAK
2023.02.08,15:07:20,37.778,37.2892,15.2,,2.4,,CAGLAYANCERIT
2023.02.08,15:11:54,38.818,37.4012,5.0,,3.9,,KULAHLI-GURUN
2023.02.08,15:16:27,37.7907,37.935,7.1,,3.2,,TUT
2023.02.08,15:21:10,37.174,37.0048,0.0,,2.5,,ATALAR-SEHITKAMIL
2023.02.08,15:25:23,37.394,36.8938,6.4,,2.3,,GOLLUHUYUK-TURKOGLU
2023.02.08,15:27:18,37.2653,36.9198,1.0,,2.1,,NAIMLER-NURDAGI
2023.02.08,15:30:05,37.9932,38.1727,5.0,,3.4,3.4,KAVAK-(ADIYAMAN)
2023.02.08,15:32:16,37.1915,37.0138,5.0,,2.4,,ATALAR-SEHITKAMIL
2023.02.08,15:33:04,39.5815,26.0012,6.3,,2.1,,GULPINAR
2023.02.08,15:33:08,37.478,37.1412,9.5,,2.5,,DOGANLIKARAHASAN-PAZARCIK
2023.02.08,15:38:00,38.1075,36.6863,7.6,,3.6,3.6,KARAOMER-GOKSUN
2023.02.08,15:41:12,37.5408,37.3102,6.1,,3.2,3.2,SAHINTEPE-PAZARCIK
2023.02.08,15:45:28,37.3283,37.077,9.5,,2.9,,EMIROGLU-PAZARCIK
2023.02.08,15:48:10,38.2443,38.11,5.6,,2.4,,GORGU-YESILYURT
2023.02.08,15:48:57,38.8625,37.5245,109.9,,2.2,,YESILDERE-GURUN
2023.02.08,15:51:46,37.3378,37.1025,6.7,,2.6,,SARIERIK-PAZARCIK
2023.02.08,15:53:59,38.0603,36.6913,5.1,,2.4,,FINDIK-GOKSUN
2023.02.08,15:56:23,38.1128,38.4633,5.2,,3.0,,AKSU-SINCIK
2023.02.08,15:59:07,37.9867,38.049,13.1,,2.9,,GUZELKOY-DOGANSEHIR
2023.02.08,16:02:25,38.1078,38.0662,22.7,,2.8,,ESKIKOY-DOGANSEHIR
2023.02.08,16:06:10,38.0685,36.6547,19.6,,2.9,,GUCUKSU-GOKSUN
2023.02.08,16:06:31,37.9315,37.637,8.6,,3.4,3.2,HAMZALAR-GOLBASI
2023.02.08,16:10:17,37.5893,33.0077,5.6,,3.0,,TURKMENKARAHUYUK-CUMRA
2023.02.08,16:12:44,38.075,36.619,10.6,,3.5,3.3,HACIOMER-GOKSUN
2023.02.08,16:14:15,38.0783,36.5852,7.8,,3.5,3.3,YAGMURLU-GOKSUN
2023.02.08,16:18:44,38.094,36.5917,5.0,,3.2,2.9,YAGMURLU-GOKSUN
2023.02.08,16:22:45,37.9945,38.2093,2.6,,3.7,3.8,MESTAN-(ADIYAMAN)
2023.02.08,16:29:28,36.319,35.985,3.4,,3.7,,KARAGOZ-ARSUZ
2023.02.08,16:31:28,38.0633,36.6648,5.1,,4.0,,GUCUKSU-GOKSUN
2023.02.08,16:33:20,38.1143,37.7533,5.0,,3.5,,FINDIKKOY-DOGANSEHIR
2023.02.08,16:36:00,37.1682,36.6922,9.3,,2.6,,GOKCEDERE-NURDAGI
2023.02.08,16:36:51,37.795,37.9298,5.0,,2.9,,TUT
2023.02.08,16:37:45,38.0563,37.4052,6.4,,3.0,,AGCASAR-NURHAK
2023.02.08,16:39:35,37.507,37.0193,6.9,,2.1,,GUZELYURT-(KAHRAMANMARAS)
2023.02.08,16:41:21,37.3858,37.0717,8.1,,2.1,,HALKACAYIRI-(KAHRAMANMARAS)
2023.02.08,16:47:24,38.0643,37.184,8.8,,2.7,,EKINOZU
2023.02.08,16:51:26,38.0733,37.6217,7.1,,2.4,,GOVDELI-DOGANSEHIR
2023.02.08,16:53:56,37.4097,37.1432,12.3,,2.3,,DOGANLI-PAZARCIK
2023.02.08,16:56:52,36.176,36.2757,10.3,,3.4,3.5,ATAYURDU-ALTINOZU
2023.02.08,16:58:15,37.444,37.0932,13.7,,2.7,,DENIZLI-PAZARCIK
2023.02.08,16:59:47,38.1132,36.3242,10.2,,2.3,,KIRAZLIYURT-TUFANBEYLI
2023.02.08,17:03:55,37.9685,38.224,5.4,,3.3,,MESTAN-(ADIYAMAN)
2023.02.08,17:09:39,37.9748,37.5967,5.0,,3.6,3.6,GOVDELI-DOGANSEHIR
2023.02.08,17:12:16,38.1343,37.9615,10.1,,2.6,,KELHALIL-DOGANSEHIR
2023.02.08,17:15:04,37.9928,36.599,10.4,,2.7,2.8,KARAAHMET-GOKSUN
2023.02.08,17:17:21,38.0987,36.6445,7.2,,2.6,,KANLIKAVAK-GOKSUN
2023.02.08,17:20:25,37.9922,37.3845,13.0,,5.0,4.9,BARIS-NURHAK
2023.02.08,17:24:48,37.9525,36.5287,5.5,,2.2,,GOLPINAR-GOKSUN
2023.02.08,17:26:51,38.0565,36.4363,9.1,,2.1,,CAGLAYAN-GOKSUN
2023.02.08,17:28:48,37.2535,36.7907,8.2,,2.9,2.8,SEKEROBA-TURKOGLU
2023.02.08,17:31:38,37.2595,36.907,5.0,,2.5,,NAIMLER-NURDAGI
2023.02.08,17:33:22,38.1073,36.1775,3.3,,2.5,,AVCIPINARI-SAIMBEYLI
2023.02.08,17:34:37,37.3308,37.0577,5.0,,3.0,3.1,EMIROGLU-PAZARCIK
2023.02.08,17:39:22,38.0993,36.6685,5.5,,2.8,,KARAOMER-GOKSUN
2023.02.08,17:40:42,38.1003,37.5245,5.4,,3.1,,SUNNETKOY-ELBISTAN
2023.02.08,17:42:21,38.0713,36.6113,5.6,,4.3,4.2,HACIOMER-GOKSUN
2023.02.08,17:48:01,37.8252,36.107,5.3,,2.3,,DEGIRMENCIUSAGI-SAIMBEYLI
2023.02.08,17:48:12,38.2518,36.6208,5.0,,2.2,,ESENKOY-GOKSUN
2023.02.08,17:49:10,38.089,36.8915,5.4,,2.3,,ERICEK-GOKSUN
2023.02.08,17:53:08,37.8667,36.693,6.2,,3.3,,SAHINKAYASI-(KAHRAMANMARAS)
2023.02.08,17:55:50,38.112,38.5327,4.7,,4.3,4.3,GECITLI-SINCIK
2023.02.08,17:57:46,37.2992,37.0463,5.6,,2.6,,CENNETPINARI-PAZARCIK
2023.02.08,18:00:05,38.1215,37.2422,23.9,,2.6,,AKPINAR-EKINOZU
2023.02.08,18:02:05,37.3392,36.8715,5.0,,3.4,3.3,HACIBEBEK-TURKOGLU
2023.02.08,18:04:42,38.0442,37.0373,4.2,,4.2,4.2,KABAKTEPE-EKINOZU
2023.02.08,18:07:23,38.5378,37.7563,89.0,,2.5,,UZUNHASAN-DARENDE
2023.02.08,18:09:13,38.1603,37.826,5.3,,2.7,,POLAT-DOGANSEHIR
2023.02.08,18:11:13,38.124,38.2637,9.7,,3.5,3.6,ALTINTAS-CELIKHAN
2023.02.08,18:12:28,37.0623,36.613,5.0,,3.9,,HANAGZI-ISLAHIYE
2023.02.08,18:23:04,37.5818,38.0587,10.4,,2.8,,DORTYOL-BESNI
2023.02.08,18:25:58,39.0198,40.8068,1.1,,2.5,,COBANTASI-(BINGOL)
2023.02.08,18:28:32,38.1505,38.3392,3.9,,2.9,,ORTAKOY-YESILYURT
2023.02.08,18:40:34,37.2265,36.9587,17.3,,2.7,,SATIRHUYUK-NURDAGI
2023.02.08,18:42:47,37.0452,36.6278,10.8,,3.2,3.1,ISLAHIYE
2023.02.08,18:49:57,37.8438,36.6138,5.0,,4.3,4.2,CEVREPINAR-(KAHRAMANMARAS)
2023.02.08,18:54:02,37.1287,36.729,9.7,,3.6,,KARABURCLU-NURDAGI
2023.02.08,18:56:50,37.3195,37.072,5.0,,3.1,,EMIROGLU-PAZARCIK
2023.02.08,18:58:10,37.9735,36.7187,5.0,,2.3,,CAMLICA-(KAHRAMANMARAS)
2023.02.08,19:00:10,38.0905,36.4015,10.0,,2.3,,SOGUKPINAR-GOKSUN
2023.02.08,19:01:04,38.1488,38.6115,2.1,,2.9,,TEKEDERESI-PUTURGE
2023.02.08,19:03:58,37.8777,36.6877,8.1,,3.3,,SAHINKAYASI-(KAHRAMANMARAS)
2023.02.08,19:10:35,38.1062,36.4693,5.0,,3.4,3.3,MAHMUTBEY-GOKSUN
2023.02.08,19:15:05,37.5517,37.3363,14.3,,2.9,,SAHINTEPE-PAZARCIK
2023.02.08,19:18:17,38.0045,37.5052,5.0,,2.8,,TATLAR-NURHAK
2023.02.08,19:29:07,37.7405,37.3993,16.8,,2.7,,BOZLAR-CAGLAYANCERIT
2023.02.08,19:40:33,37.8388,36.5992,16.5,,3.2,,CEVREPINAR-(KAHRAMANMARAS)
2023.02.08,19:44:28,37.9705,38.2473,5.2,,2.7,,MESTAN-(ADIYAMAN)
2023.02.08,19:55:39,38.0998,37.2143,7.3,,4.2,,AKPINAR-EKINOZU
2023.02.08,19:59:20,37.1002,36.741,10.9,,3.5,,ELBISTANHUYUGU-ISLAHIYE
2023.02.08,20:01:12,38.0867,37.1747,8.3,,3.1,,EKINOZU
2023.02.08,20:02:41,37.8952,37.7112,19.8,,3.1,3.4,KARABAHSILI-GOLBASI
2023.02.08,20:03:58,37.8707,36.7213,8.5,,2.9,,SAHINKAYASI-(KAHRAMANMARAS)
2023.02.08,20:06:37,38.8098,37.3608,5.0,,3.6,,YUVA-GURUN
2023.02.08,20:07:52,38.129,37.8665,14.1,,2.9,,YOLKURU-DOGANSEHIR
2023.02.08,20:12:52,38.0937,37.4007,9.7,,2.7,,AGCASAR-NURHAK
2023.02.08,20:15:20,37.8558,37.6523,16.4,,2.9,,MEYDANKOY-GOLBASI
2023.02.08,20:19:43,38.0823,37.7218,2.0,,2.5,,SOGUT-DOGANSEHIR
2023.02.08,20:20:57,38.0328,37.5375,8.5,,2.6,,TATLAR-NURHAK
2023.02.08,20:23:46,36.0463,36.082,16.6,,3.3,,KARACURUN-YAYLADAGI
2023.02.08,20:31:51,37.9775,38.1188,14.9,,2.7,,KURUCAOVA-DOGANSEHIR
2023.02.08,20:35:34,38.122,37.099,12.3,,2.9,,ORTAOREN-EKINOZU
2023.02.08,20:37:47,39.2243,38.7945,3.2,,2.6,,AVCI-KEMALIYE
2023.02.08,20:40:20,38.0788,36.562,5.0,,2.9,,YAGMURLU-GOKSUN
2023.02.08,20:42:08,38.1578,38.6733,25.7,,2.7,,ESENLIK-PUTURGE
2023.02.08,20:43:00,38.4572,39.5253,11.2,,2.8,,ISIKTEPE-MADEN
2023.02.08,20:44:47,37.7953,36.7048,19.2,,2.9,,SUCATI-(KAHRAMANMARAS)
2023.02.08,20:48:51,37.5358,37.259,6.3,,2.8,,TETIRLIK-PAZARCIK
2023.02.08,20:50:15,38.1008,36.6743,4.1,,2.6,,KARAOMER-GOKSUN
2023.02.08,20:53:27,37.9273,38.0653,5.0,,3.3,3.3,UZUNKOY-(ADIYAMAN)
2023.02.08,20:57:19,39.7515,40.6583,5.0,,4.3,,TOZLUCA-ASKALE
2023.02.08,21:00:23,38.0282,36.5473,8.9,,2.5,,YANTEPE-GOKSUN
2023.02.08,21:02:43,37.9588,37.4217,10.0,,2.8,,NURHAK
2023.02.08,21:05:30,37.3683,36.8065,7.2,,2.5,,KIZILENIS-TURKOGLU
2023.02.08,21:06:51,38.1013,37.8302,3.9,,3.5,,TOPRAKTEPE-DOGANSEHIR
2023.02.08,21:12:48,38.1488,36.9415,5.0,,3.1,3.2,SOGUCAK-AFSIN
2023.02.08,21:18:57,37.8693,36.6282,8.5,,2.6,,TEKIR-(KAHRAMANMARAS)
2023.02.08,21:24:26,38.3215,38.202,5.0,,2.4,,IKIZCE-YESILYURT
2023.02.08,21:26:12,37.32,37.0685,5.2,,3.0,,EMIROGLU-PAZARCIK
2023.02.08,21:28:47,38.0863,37.6815,30.0,,2.5,,BEGRE-DOGANSEHIR
2023.02.08,21:35:10,37.4723,37.1945,9.5,,3.9,,SOGUTLU-PAZARCIK
2023.02.08,21:40:24,38.0712,37.2852,7.4,,3.6,,GUMUSDOVEN-ELBISTAN
2023.02.08,21:42:01,38.5698,37.7133,98.0,,2.0,,UCPINAR-DARENDE
2023.02.08,21:53:22,37.9987,38.1248,5.0,,3.3,,KURUCAOVA-DOGANSEHIR
2023.02.08,21:58:14,38.0702,36.5668,4.3,,3.2,3.3,YAGMURLU-GOKSUN
2023.02.08,21:59:01,34.6332,35.5637,1.0,,4.0,,DOGU
2023.02.08,22:03:17,38.409,37.835,9.7,,2.6,,COBANUSAGI-AKCADAG
2023.02.08,22:05:17,38.0448,36.5213,1.5,,4.0,,HACIMIRZA-GOKSUN
2023.02.08,22:10:06,38.0905,37.7382,9.7,,2.8,,SOGUT-DOGANSEHIR
2023.02.08,22:12:04,38.046,36.5603,4.3,,3.1,,TEMURAGA-GOKSUN
2023.02.08,22:13:23,37.472,37.0825,6.0,,3.1,2.7,CINARLI-PAZARCIK
2023.02.08,22:15:57,38.1475,37.7385,14.4,,2.8,,CAVUSLU-DOGANSEHIR
2023.02.08,22:16:52,38.2195,37.8205,27.2,,2.4,,DEDEYAZI-DOGANSEHIR
2023.02.08,22:18:33,36.2683,35.912,24.4,,2.8,,CEYLANDERE-SAMANDAG
2023.02.08,22:20:27,37.8567,37.851,18.7,,3.4,,CANKARA-GOLBASI
2023.02.08,22:23:19,38.1187,38.5898,2.3,,3.2,,ARIKONAK-SINCIK
2023.02.08,22:34:21,38.4877,40.865,9.7,,1.5,,KARPUZLU-KULP
2023.02.08,22:40:12,37.9543,37.0155,14.7,,2.9,,DEMIRLIK-EKINOZU
2023.02.08,22:40:38,38.1747,26.1308,5.0,,2.4,,SAKIZ
2023.02.08,22:46:54,38.1238,37.2482,5.4,,2.8,,GUMUSDOVEN-ELBISTAN
2023.02.08,22:48:10,36.3162,36.1878,5.5,,4.1,,ANAYAZI-(HATAY)
2023.02.08,22:54:27,36.9318,27.3538,6.3,,2.3,,GOKOVA
2023.02.08,22:55:17,38.0482,38.0213,5.0,,2.6,,GUZELKOY-DOGANSEHIR
2023.02.08,22:55:43,38.485,40.3462,5.4,,2.0,,YAYDERE-GENC
2023.02.08,22:59:08,38.2197,36.0602,5.0,,2.5,,DEMIROLUK-TUFANBEYLI
2023.02.08,23:03:16,37.5093,36.9202,23.9,,2.9,,OSMANBEY-(KAHRAMANMARAS)
2023.02.08,23:04:53,37.5098,37.14,4.7,,3.4,,KARTAL-(KAHRAMANMARAS)
2023.02.08,23:07:02,38.7438,35.34,5.0,,3.5,,BOGAZKOPRU-KOCASINAN
2023.02.08,23:09:11,38.0463,36.5897,7.1,,3.3,,TEMURAGA-GOKSUN
2023.02.08,23:12:04,38.2552,38.1155,4.9,,4.0,,GORGU-YESILYURT
2023.02.08,23:19:08,38.028,36.6562,5.4,,3.0,,AHMETCIK-GOKSUN
2023.02.08,23:20:50,37.2902,36.7163,2.4,,3.4,,KALEDIBI-TURKOGLU
2023.02.08,23:24:13,38.2827,38.1915,5.0,,2.7,,IKIZCE-YESILYURT
2023.02.08,23:25:33,37.8037,37.6808,14.5,,2.4,,AKCAKAYA-GOLBASI
2023.02.08,23:26:44,38.121,37.8777,10.7,,2.6,,YOLKURU-DOGANSEHIR
2023.02.08,23:30:10,38.119,36.3048,6.6,,2.1,,CUKURKISLA-TUFANBEYLI
2023.02.08,23:32:30,38.0203,36.1335,6.4,,2.3,,SAIMBEYLI
2023.02.08,23:38:33,38.285,36.037,15.8,,2.6,,DEMIROLUK-TUFANBEYLI
2023.02.08,23:39:51,37.3727,36.4985,28.1,,2.8,,KUSCU-DUZICI
2023.02.08,23:40:17,37.9157,36.3598,26.7,,3.2,3.1,YOGUNOLUK-GOKSUN
2023.02.08,23:40:58,38.0343,36.5127,10.8,,2.8,,HACIMIRZA-GOKSUN
2023.02.08,23:46:32,38.094,36.7118,28.4,,1.8,,FINDIK-GOKSUN
2023.02.08,23:49:44,38.307,37.3672,5.4,,2.2,,TURKOREN-ELBISTAN
2023.02.08,23:51:05,38.0823,37.3045,7.6,,2.5,,OZCANLI-ELBISTAN
2023.02.08,23:55:34,38.0533,37.6245,5.0,,3.3,3.3,GOVDELI-DOGANSEHIR
2023.02.08,23:58:00,38.6298,37.4128,30.0,,3.5,,TEPECIK-GURUN
2023.02.09,00:00:25,38.3008,37.2815,5.0,,3.0,,BUYUKYAPALAK-ELBISTAN
2023.02.09,00:02:18,37.879,36.3252,13.0,,2.6,,PAYAMBURNU-GOKSUN
2023.02.09,00:10:39,38.1788,37.9447,5.0,,3.1,,YUVALI-DOGANSEHIR
2023.02.09,00:11:29,37.0813,36.6087,7.4,,3.2,3.0,TURKBAHCE-ISLAHIYE
2023.02.09,00:13:39,38.021,36.462,5.4,,2.5,,YIRICEK-GOKSUN
2023.02.09,00:15:07,38.1557,37.903,3.6,,3.2,3.4,POLATDERESI-DOGANSEHIR
2023.02.09,00:17:28,37.9807,36.7077,5.5,,2.8,,CAMLICA-(KAHRAMANMARAS)
2023.02.09,00:19:06,38.1713,37.9465,5.3,,2.6,,YUVALI-DOGANSEHIR
2023.02.09,00:35:54,37.5275,37.2425,5.3,,3.4,3.2,CICEKALANI-PAZARCIK
2023.02.09,00:38:57,37.4318,36.8803,6.0,,3.0,2.8,CAKALLICULLU-TURKOGLU
2023.02.09,00:42:36,38.1867,38.8137,5.9,,3.1,,TASMIS-PUTURGE
2023.02.09,00:43:02,37.1265,36.7357,6.1,,2.6,,KARABURCLU-NURDAGI
2023.02.09,00:45:26,37.5963,36.3263,7.7,,3.0,2.8,YESILYURT-ANDIRIN
2023.02.09,00:46:27,38.7128,43.381,17.6,,2.2,,HIDIRKOY-(VAN)
2023.02.09,00:47:31,37.8822,36.2542,5.4,,2.9,,TOPALLAR-SAIMBEYLI
2023.02.09,00:48:59,38.2417,37.9103,5.0,,2.4,,OREN-AKCADAG
2023.02.09,00:54:08,38.0163,36.8575,5.5,,2.8,,KINIKKOZ-GOKSUN
2023.02.09,00:55:17,38.0195,36.4398,5.0,,2.6,,YIRICEK-GOKSUN
2023.02.09,00:59:41,37.1282,36.7355,6.7,,2.5,,KARABURCLU-NURDAGI
2023.02.09,01:06:03,37.2403,36.832,9.5,,3.6,,KIRISKAL-NURDAGI
2023.02.09,01:08:31,38.0402,36.5257,9.8,,3.3,3.1,HACIMIRZA-GOKSUN
2023.02.09,01:12:42,38.0242,36.3043,27.1,,2.8,,KAZANDERE-GOKSUN
2023.02.09,01:14:09,38.3833,37.2288,5.3,,2.6,,HACIHASANLI-ELBISTAN
2023.02.09,01:16:09,38.1878,37.9433,5.4,,3.0,,YUVALI-DOGANSEHIR
2023.02.09,01:19:38,38.0733,38.0823,5.0,,2.9,,YALINKAYA-YESILYURT
2023.02.09,01:25:39,38.092,36.4227,8.0,,2.6,,MEHMETBEY-GOKSUN
2023.02.09,01:26:27,38.0573,36.453,2.2,,2.7,,CAGLAYAN-GOKSUN
2023.02.09,01:28:20,39.5467,27.4417,14.4,,1.8,,KARACEPIS-IVRINDI
2023.02.09,01:30:38,40.6618,30.4298,5.9,,2.4,,DEGIRMENDERE-ERENLER
2023.02.09,01:30:55,36.725,36.3987,6.5,,2.8,,ZEYTINOBA-HASSA
2023.02.09,01:36:14,37.1898,36.956,14.2,,2.5,,SAKCAGOZE-NURDAGI
2023.02.09,01:36:49,38.302,38.053,5.0,,3.9,4.0,KARAPINAR-AKCADAG
2023.02.09,01:40:09,37.9105,36.3505,4.3,,2.8,,BUYUKCAMURLU-GOKSUN
2023.02.09,01:41:43,38.5602,41.1413,16.5,,3.1,,KAYACIK-KULP
2023.02.09,01:47:23,39.2518,40.336,3.8,,1.8,,ESME-KIGI
2023.02.09,01:48:02,38.0355,36.422,5.0,,3.1,,ACIELMA-GOKSUN
2023.02.09,01:49:49,37.6965,38.1057,8.8,,2.5,,BORGENEK-(ADIYAMAN)
2023.02.09,01:52:27,38.5788,37.989,23.6,,2.5,,IRIAGAC-YAZIHAN
2023.02.09,01:55:01,37.0275,36.8402,3.4,,1.8,,KIRKPINAR-NURDAGI
2023.02.09,01:56:42,38.2132,37.7915,5.0,,2.6,,DEDEYAZI-DOGANSEHIR
2023.02.09,01:57:52,37.354,37.1972,8.7,,2.2,,AKCAKOYUNLU-PAZARCIK
2023.02.09,02:01:28,38.1165,36.574,5.0,,3.4,,CAMDERE-GOKSUN
2023.02.09,02:03:38,39.2545,40.2765,5.0,,2.3,,DALLICA-KIGI
2023.02.09,02:07:03,38.4522,36.8012,8.1,,2.4,,DAGLICA-AFSIN
2023.02.09,02:08:55,37.4837,37.1425,13.1,,2.2,,DOGANLIKARAHASAN-PAZARCIK
2023.02.09,02:10:03,38.2152,36.6873,5.0,,2.7,,BUYUKKIZILCIK-GOKSUN
2023.02.09,02:11:06,39.0183,40.2355,12.6,,1.6,,UGUROVA-(BINGOL)
2023.02.09,02:12:03,37.614,32.9718,9.6,,2.7,,UCHUYUKLER-CUMRA
2023.02.09,02:12:28,37.5457,32.9917,13.3,,2.6,,TASAGIL-CUMRA
2023.02.09,02:14:28,37.2692,36.863,2.7,,3.6,,MINEHUYUK-TURKOGLU
2023.02.09,02:15:40,38.017,36.6113,8.2,,3.4,,SARAYCIK-GOKSUN
2023.02.09,02:17:51,38.2275,38.5263,5.4,,2.7,,GULUMUSAGI-(MALATYA)
2023.02.09,02:20:55,37.9898,36.6322,5.0,,3.4,3.4,ELMALI-GOKSUN
2023.02.09,02:23:01,38.0927,36.6562,16.8,,2.6,,KARAOMER-GOKSUN
2023.02.09,02:25:14,37.0572,36.3728,6.6,,3.7,,KARATAS-(OSMANIYE)
2023.02.09,02:26:28,38.045,36.527,5.4,,3.4,,HACIMIRZA-GOKSUN
2023.02.09,02:27:29,37.8313,36.0607,6.9,,3.2,,HIMMETLI-SAIMBEYLI
2023.02.09,02:37:39,37.7985,36.5768,1.3,,2.6,,KAYNAR-(KAHRAMANMARAS)
2023.02.09,02:39:59,38.5405,40.3822,10.6,,3.7,3.8,KALEDIBI-HANI
2023.02.09,02:41:19,38.0475,36.5507,5.0,,2.7,,YANTEPE-GOKSUN
2023.02.09,02:43:20,38.6962,37.4928,26.1,,2.8,,KAVAKKOY-DARENDE
2023.02.09,02:46:24,37.7902,37.1637,18.4,,2.8,,KALE-CAGLAYANCERIT
2023.02.09,02:47:08,36.7083,36.3862,5.0,,3.7,3.7,GUVENC-HASSA
2023.02.09,02:52:45,38.0965,36.6798,4.3,,2.8,,KARAOMER-GOKSUN
2023.02.09,02:53:39,38.0745,37.3222,5.0,,3.0,,AGCASAR-NURHAK
2023.02.09,02:57:13,38.114,36.4473,5.0,,2.3,,TAHIRBEY-GOKSUN
2023.02.09,02:58:40,37.1603,36.97,11.8,,3.1,2.9,IKIZKUYU-NURDAGI
2023.02.09,03:00:49,37.2348,36.7288,5.0,,3.1,,DEDELER-TURKOGLU
2023.02.09,03:08:51,36.3137,36.093,5.4,,3.4,3.6,GULDEREN-(HATAY)
2023.02.09,03:10:31,38.2187,39.8122,7.5,,2.9,,KOMURTAS-ERGANI
2023.02.09,03:14:26,38.0302,36.369,7.6,,2.4,,SOGUKPINAR-GOKSUN
2023.02.09,03:16:02,38.0632,36.5633,1.6,,2.5,,YAGMURLU-GOKSUN
2023.02.09,03:18:02,36.5732,36.2465,10.0,,3.7,,GUZELKOY-ISKENDERUN
2023.02.09,03:19:47,37.336,37.0408,14.9,,2.3,,EMIROGLU-PAZARCIK
2023.02.09,03:21:04,37.5422,37.1987,8.2,,2.4,,KUZUCAK-(KAHRAMANMARAS)
2023.02.09,03:22:58,37.8888,36.6992,6.6,,3.3,3.0,SAHINKAYASI-(KAHRAMANMARAS)
2023.02.09,03:32:14,38.4535,39.213,6.1,,4.0,4.0,ALINCIK-SIVRICE
2023.02.09,03:35:03,37.9742,38.1927,5.5,,3.2,,KAVAK-(ADIYAMAN)
2023.02.09,03:36:33,36.3815,36.3,10.3,,3.2,,GULOVA-KUMLU
2023.02.09,03:41:19,37.4002,36.9195,10.9,,2.3,,TAHTALIDEDELER-TURKOGLU
2023.02.09,03:46:13,40.6627,30.454,6.8,,2.3,,DEGIRMENDERE-ERENLER
2023.02.09,03:49:26,38.3507,37.3378,6.6,,2.0,,INCECIK-ELBISTAN
2023.02.09,03:51:27,38.1132,37.9457,6.4,,3.5,,SATIROBASI-DOGANSEHIR
2023.02.09,03:59:35,39.217,40.2155,8.5,,3.4,3.4,ZEYNELLI-YAYLADERE
2023.02.09,04:00:23,37.7833,30.1278,12.0,,1.6,,ILYAS-(BURDUR)
2023.02.09,04:04:55,38.057,36.4912,5.0,,2.9,,HACIMIRZA-GOKSUN
2023.02.09,04:06:43,38.2265,38.2242,6.4,,3.0,3.0,KADIRUSAGI-YESILYURT
2023.02.09,04:08:46,38.046,36.5338,4.9,,3.4,3.2,ORTATEPE-GOKSUN
2023.02.09,04:14:18,37.9945,37.471,26.2,,3.0,,NURHAK
2023.02.09,04:18:29,37.2762,36.8462,11.8,,2.5,,MINEHUYUK-TURKOGLU
2023.02.09,04:20:47,38.0657,36.5578,8.3,,2.8,,YAGMURLU-GOKSUN
2023.02.09,04:21:44,38.0485,36.519,5.2,,3.7,3.6,HACIMIRZA-GOKSUN
2023.02.09,04:27:17,38.0862,36.6107,5.0,,2.7,,YAGMURLU-GOKSUN
2023.02.09,04:28:20,38.42,36.9757,19.9,,2.4,,BUGET-AFSIN
2023.02.09,04:30:35,37.8815,36.0415,6.9,,2.9,,HIMMETLI-SAIMBEYLI
2023.02.09,04:33:07,37.962,37.4735,1.4,,3.1,,NURHAK
2023.02.09,04:34:05,38.5217,26.8848,8.2,,1.4,,IZMIR
2023.02.09,04:38:13,38.5078,40.3828,2.5,,4.5,4.3,KALEDIBI-HANI
2023.02.09,04:44:17,37.898,37.7098,5.0,,4.4,4.4,KARABAHSILI-GOLBASI
2023.02.09,04:54:12,37.0745,36.496,21.8,,2.3,,KARAYIGIT-HASANBEYLI
2023.02.09,04:55:37,38.7877,37.4313,7.1,,2.9,,YUVA-GURUN
2023.02.09,05:02:12,38.0005,36.5458,5.0,,3.5,,ASLANBEYCIFTLIGI-GOKSUN
2023.02.09,05:05:04,38.1263,37.724,4.9,,2.8,,ARMUTALAN-ELBISTAN
2023.02.09,05:08:19,37.9908,36.6098,8.6,,3.4,3.2,ELMALI-GOKSUN
2023.02.09,05:09:23,37.4058,36.952,4.1,,2.9,,PINARHUYUK-TURKOGLU
2023.02.09,05:13:28,38.0128,36.6722,5.0,,2.7,,KIZILOZ-GOKSUN
2023.02.09,05:20:53,37.4278,37.1023,5.0,,3.0,,DENIZLI-PAZARCIK
2023.02.09,05:24:05,37.3482,36.8972,10.6,,2.5,,HACIBEBEK-TURKOGLU
2023.02.09,05:28:56,38.0857,36.7418,7.6,,2.5,,FINDIK-GOKSUN
2023.02.09,05:29:30,38.1628,37.773,5.0,,3.2,3.4,CAVUSLU-DOGANSEHIR
2023.02.09,05:33:16,37.4813,37.1328,6.6,,2.9,,DOGANLIKARAHASAN-PAZARCIK
2023.02.09,05:42:59,36.2143,35.7435,9.7,,2.9,,KALE-ARSUZ
2023.02.09,05:43:50,37.9933,36.5965,5.3,,2.9,,KARAAHMET-GOKSUN
2023.02.09,05:46:32,38.065,37.2077,7.3,,3.0,2.9,EKINOZU
2023.02.09,05:54:36,37.2987,36.8303,2.8,,2.9,,MINEHUYUK-TURKOGLU
2023.02.09,06:01:40,37.86,37.8498,22.7,,3.0,3.0,CANKARA-GOLBASI
2023.02.09,06:04:14,38.2733,38.238,5.0,,3.1,3.3,GUNDUZBEY-YESILYURT
2023.02.09,06:06:50,38.156,36.6727,10.2,,2.8,,KARAOMER-GOKSUN
2023.02.09,06:12:48,38.2302,37.6447,5.4,,2.9,,GUNALTI-ELBISTAN
2023.02.09,06:20:50,38.2722,38.7117,5.3,,3.0,,CAYKOY-PUTURGE
2023.02.09,06:24:00,36.8777,36.3845,19.5,,2.9,3.1,KAPILI-DORTYOL
2023.02.09,06:24:52,36.5605,36.3888,7.3,,4.0,,CEYLANLI-KIRIKHAN
2023.02.09,06:26:12,38.1127,38.2083,5.0,,3.9,,CAMPINAR-CELIKHAN
2023.02.09,06:28:08,38.2112,38.6922,5.0,,3.5,3.5,KOKPINAR-PUTURGE
2023.02.09,06:31:46,37.1772,36.9592,5.4,,2.5,,SAKCAGOZE-NURDAGI
2023.02.09,06:34:19,38.236,38.1132,5.0,,3.4,3.5,GORGU-YESILYURT
2023.02.09,06:36:54,37.3923,36.907,5.7,,2.8,,GOLLUHUYUK-TURKOGLU
2023.02.09,06:40:17,37.9167,36.6735,4.8,,3.3,3.3,TEKIR-(KAHRAMANMARAS)
2023.02.09,06:44:50,38.2382,38.1057,5.0,,2.9,,GORGU-YESILYURT
2023.02.09,06:46:05,38.0787,36.5107,5.0,,3.5,3.4,ALICLIBUCAK-GOKSUN
2023.02.09,06:52:15,38.0167,38.1775,15.7,,3.9,4.0,PINARBASI-CELIKHAN
2023.02.09,07:01:30,36.3942,36.2173,8.6,,3.1,2.9,UZUNALIC-(HATAY)
2023.02.09,07:02:19,37.9563,36.4418,12.0,,2.4,,FINDIKLIKOYAK-GOKSUN
2023.02.09,07:04:56,38.8957,39.749,5.4,,3.7,3.8,OBRUKKASI-MAZGIRT
2023.02.09,07:07:37,38.2518,37.9155,5.0,,3.1,,OREN-AKCADAG
2023.02.09,07:09:15,38.1258,36.7715,5.0,,3.1,3.0,DEVEBOYNU-AFSIN
2023.02.09,07:10:40,38.08,37.4677,9.8,,2.7,2.6,SUNNETKOY-ELBISTAN
2023.02.09,07:15:33,38.2722,38.12,5.0,,3.4,3.4,GORGU-YESILYURT
2023.02.09,07:18:19,37.9543,36.3828,1.7,,3.9,4.0,SIRMALI-GOKSUN
2023.02.09,07:20:45,38.1738,36.807,3.6,,2.3,,DEVEBOYNU-AFSIN
2023.02.09,07:26:12,38.2348,38.5255,13.6,,2.4,,GULUMUSAGI-(MALATYA)
2023.02.09,07:32:23,37.8383,37.6743,12.6,,3.4,3.2,AKTOPRAK-GOLBASI
2023.02.09,07:34:42,38.1282,38.5042,5.8,,4.2,4.1,AKSU-SINCIK
2023.02.09,07:36:42,37.8775,36.6735,13.0,,3.0,,DONGEL-(KAHRAMANMARAS)
2023.02.09,07:38:33,37.3912,37.1195,11.6,,1.9,,NARLI-PAZARCIK
2023.02.09,07:38:56,38.4185,36.253,5.8,,1.6,,MIRZAAGA-SARIZ
2023.02.09,07:40:30,38.1408,37.7813,9.4,,2.1,,CAVUSLU-DOGANSEHIR
2023.02.09,07:47:46,36.0583,35.978,16.4,,3.4,3.5,TEKEBASI-SAMANDAG
2023.02.09,07:49:39,35.975,35.88,14.3,,2.4,,DENIZGOREN-YAYLADAGI
2023.02.09,07:54:42,38.1107,38.4265,5.0,,2.8,,KARAGOL-CELIKHAN
2023.02.09,07:58:47,38.0187,36.4235,7.8,,3.1,,ACIELMA-GOKSUN
2023.02.09,08:02:54,38.0743,36.4878,3.3,,3.9,3.9,MEHMETBEY-GOKSUN
2023.02.09,08:09:04,37.3903,36.8947,5.2,,2.6,,GOLLUHUYUK-TURKOGLU
2023.02.09,08:11:24,37.0303,36.3018,6.8,,2.4,,KARACALAR-(OSMANIYE)
2023.02.09,08:12:44,37.88,36.3713,19.9,,2.8,,KUCUKCAMURLU-GOKSUN
2023.02.09,08:20:09,39.4363,26.1952,13.4,,2.5,,KOYUNEVI-AYVACIK
2023.02.09,08:24:25,38.091,36.6268,5.1,,4.1,,KANLIKAVAK-GOKSUN
2023.02.09,08:25:44,37.4295,36.9738,1.8,,3.2,,OKSUZLU-(KAHRAMANMARAS)
2023.02.09,08:33:11,38.169,37.8505,5.0,,2.8,,POLAT-DOGANSEHIR
2023.02.09,08:37:33,38.216,38.2533,5.8,,4.2,4.2,KADIRUSAGI-YESILYURT
2023.02.09,08:41:07,38.1027,37.826,13.5,,3.1,3.0,TOPRAKTEPE-DOGANSEHIR
2023.02.09,08:47:07,37.9685,36.3352,5.5,,2.7,,SIRMALI-GOKSUN
2023.02.09,08:49:51,38.0822,36.657,4.9,,3.3,3.3,GUCUKSU-GOKSUN
2023.02.09,08:56:11,38.0558,36.4982,4.8,,2.7,,HACIMIRZA-GOKSUN
2023.02.09,09:02:14,37.918,37.5227,8.7,,2.9,,KULLAR-NURHAK
2023.02.09,09:03:19,38.1678,38.6742,5.9,,2.6,,ESENLIK-PUTURGE
2023.02.09,09:14:38,38.0763,36.6218,4.5,,2.4,,HACIOMER-GOKSUN
2023.02.09,09:20:11,38.0802,37.3898,5.0,,2.8,,AGCASAR-NURHAK
2023.02.09,09:22:46,37.9812,36.3983,5.0,,3.2,3.1,HUGTAS-GOKSUN
2023.02.09,09:27:00,37.3958,37.1022,11.4,,1.9,,MAKSUTUSAGI-PAZARCIK
2023.02.09,09:37:03,38.1215,37.6382,5.0,,3.9,,TAPKIRANKALE-ELBISTAN
2023.02.09,09:40:07,37.8788,36.6475,13.3,,2.0,,TEKIR-(KAHRAMANMARAS)
2023.02.09,09:41:14,37.8647,36.6785,5.0,,2.8,,SAHINKAYASI-(KAHRAMANMARAS)
2023.02.09,09:45:10,37.9613,37.5977,5.0,,4.2,4.3,KAPIDERE-DOGANSEHIR
2023.02.09,09:49:48,37.9787,37.6138,2.0,,4.1,,KAPIDERE-DOGANSEHIR
2023.02.09,09:58:29,37.3278,37.008,10.7,,2.6,,KELIBISLER-PAZARCIK
2023.02.09,09:59:32,38.0897,36.631,5.3,,2.9,,KANLIKAVAK-GOKSUN
2023.02.09,10:00:16,38.0543,38.4142,9.3,,2.7,,KARACAYIR-CELIKHAN
2023.02.09,10:00:54,37.3587,37.0645,8.4,,1.8,,ARSLANBEY-PAZARCIK
2023.02.09,10:03:02,38.1147,37.8305,4.1,,3.8,,TOPRAKTEPE-DOGANSEHIR
2023.02.09,10:06:15,38.1065,36.5138,6.1,,3.1,,ALICLIBUCAK-GOKSUN
2023.02.09,10:07:11,38.1588,38.6298,5.0,,3.9,,BASMEZRA-PUTURGE
2023.02.09,10:09:46,36.9108,36.53,5.0,,3.4,3.2,HASANLOK-ISLAHIYE
2023.02.09,10:14:11,38.1695,37.8025,5.0,,3.1,,CAVUSLU-DOGANSEHIR
2023.02.09,10:16:20,37.819,37.7707,5.0,,3.0,2.8,HARMANLI-GOLBASI
2023.02.09,10:18:16,37.0165,36.6868,10.3,,5.0,4.8,GULLUHUYUK-ISLAHIYE
2023.02.09,10:23:48,38.2103,38.612,8.9,,2.4,,SOGUTLU-PUTURGE
2023.02.09,10:29:01,38.0828,36.6128,5.0,,3.4,3.4,YAGMURLU-GOKSUN
2023.02.09,10:31:09,37.8975,27.1883,4.2,,2.0,,KUSADASI
2023.02.09,10:33:58,37.9903,36.4413,7.5,,2.4,,YIRICEK-GOKSUN
2023.02.09,10:37:48,37.3562,37.128,14.5,,2.1,,KARACAY-PAZARCIK
2023.02.09,10:40:12,36.9995,36.8902,8.1,,2.1,,YENICELI-ISLAHIYE
2023.02.09,10:42:07,38.0098,36.6688,1.9,,4.2,4.2,KIZILOZ-GOKSUN
2023.02.09,10:46:26,38.0207,36.8023,6.4,,1.5,,KINIKKOZ-GOKSUN
2023.02.09,10:53:32,38.0293,37.5762,16.2,,3.3,,GOVDELI-DOGANSEHIR
2023.02.09,10:57:05,38.0395,36.4928,5.0,,3.9,3.9,HACIMIRZA-GOKSUN
2023.02.09,11:08:10,38.0485,36.4388,9.8,,2.3,,CAGLAYAN-GOKSUN
2023.02.09,11:10:56,38.2045,37.5282,8.1,,2.8,,KANGAL-ELBISTAN
2023.02.09,11:17:12,38.1148,36.7305,12.1,,2.1,,KARAOMER-GOKSUN
2023.02.09,11:18:11,36.3193,36.232,9.5,,3.0,,ZULUFLUHAN-(HATAY)
2023.02.09,11:22:40,37.3842,36.9348,5.0,,3.0,,TAHTALIDEDELER-TURKOGLU
2023.02.09,11:25:24,36.615,36.5535,5.0,,2.9,,CAMUZKISLASI-KIRIKHAN
2023.02.09,11:26:37,37.2498,36.9573,11.0,,2.6,,INCIRLI-NURDAGI
2023.02.09,11:28:53,38.1023,36.9632,12.7,,2.4,,KARADUT-GOKSUN
2023.02.09,11:32:47,38.1628,38.0468,12.0,,2.6,,GOZENE-YESILYURT
2023.02.09,11:34:00,38.0617,36.4733,6.0,,2.4,,CAGLAYAN-GOKSUN
2023.02.09,11:41:38,38.0892,36.5097,5.0,,2.4,,ALICLIBUCAK-GOKSUN
2023.02.09,11:44:24,38.0747,37.2885,5.0,,3.4,,GUMUSDOVEN-ELBISTAN
2023.02.09,11:46:01,37.2262,36.827,7.8,,2.1,,GEDIKLI-NURDAGI
2023.02.09,11:49:28,36.5542,36.3843,6.1,,2.7,,CEYLANLI-KIRIKHAN
2023.02.09,11:50:50,38.0487,36.4657,5.4,,2.6,,CAGLAYAN-GOKSUN
2023.02.09,11:55:36,37.8652,36.6253,5.5,,3.5,3.3,DONGEL-(KAHRAMANMARAS)
2023.02.09,12:01:11,38.1872,36.9385,4.0,,2.4,,HUYUKLU-AFSIN
2023.02.09,12:02:34,38.1812,36.6497,2.0,,2.1,,ESENKOY-GOKSUN
2023.02.09,12:03:42,38.0578,38.1718,6.9,,2.5,,PINARBASI-CELIKHAN
2023.02.09,12:05:06,36.7767,36.7325,7.5,,2.9,,CERCILI-(KILIS)
2023.02.09,12:07:49,38.2545,38.154,5.0,,2.8,,SEYITUSAGI-YESILYURT
2023.02.09,12:11:57,38.0765,37.4795,15.0,,2.4,,SUNNETKOY-ELBISTAN
2023.02.09,12:13:28,35.9713,35.9222,8.1,,3.4,3.5,DENIZGOREN-YAYLADAGI
2023.02.09,12:16:27,36.316,35.8972,8.7,,3.3,3.4,AVCILARSUYU-ARSUZ
2023.02.09,12:20:30,38.1493,37.9732,8.0,,3.9,,POLATDERESI-DOGANSEHIR
2023.02.09,12:24:00,37.872,36.462,8.9,,2.6,,DEGIRMENDERE-GOKSUN
2023.02.09,12:26:58,38.1618,37.854,3.6,,3.0,,POLAT-DOGANSEHIR
2023.02.09,12:29:49,37.853,36.7242,5.0,,3.7,,SAHINKAYASI-(KAHRAMANMARAS)
2023.02.09,12:30:27,36.1367,35.6733,8.3,,3.6,3.8,AKDENIZ
2023.02.09,12:32:09,37.8553,36.678,6.6,,3.2,,SAHINKAYASI-(KAHRAMANMARAS)
2023.02.09,12:35:29,37.2,36.7357,12.3,,2.1,,BASPINAR-NURDAGI
2023.02.09,12:36:26,39.8498,37.5,8.3,,2.9,,CIMENYENICE-HAFIK
2023.02.09,12:37:10,37.8835,36.3437,3.9,,2.2,,KUCUKCAMURLU-GOKSUN
2023.02.09,12:41:15,37.4067,38.935,9.4,,3.6,,AGIZHAN-(SANLIURFA)
2023.02.09,12:43:23,38.0392,36.4673,6.5,,3.3,,CAGLAYAN-GOKSUN
2023.02.09,12:44:33,38.0598,36.4028,7.4,,2.9,,SOGUKPINAR-GOKSUN
2023.02.09,12:46:53,38.1083,38.6242,4.3,,4.4,,KOZLUK-PUTURGE
2023.02.09,12:55:01,38.8502,44.651,1.5,,2.2,,TURKIYE-IRAN
2023.02.09,12:56:20,38.0802,38.339,10.4,,2.7,,TASDAMLAR-CELIKHAN
2023.02.09,12:57:40,37.2633,36.8895,1.8,,2.2,,NAIMLER-NURDAGI
2023.02.09,12:59:17,38.9023,44.509,5.0,,2.0,,TURKIYE-IRAN
2023.02.09,13:01:18,38.6923,39.8987,7.2,,3.3,,SEYDILI-PALU
2023.02.09,13:07:36,37.4557,36.9505,5.1,,2.8,,KOCALAR-(KAHRAMANMARAS)
2023.02.09,13:11:10,37.3502,37.0812,12.0,,2.1,,ARSLANBEY-PAZARCIK
2023.02.09,13:12:37,38.043,36.5197,5.0,,2.8,,HACIMIRZA-GOKSUN
2023.02.09,13:16:01,37.9988,37.4383,5.0,,3.6,,NURHAK
2023.02.09,13:17:41,37.9392,36.5702,5.8,,2.3,,KURUCAOVA-(KAHRAMANMARAS)
2023.02.09,13:19:05,39.1308,40.1732,6.3,,4.4,4.6,PILAVTEPE-KARAKOCAN
2023.02.09,13:21:18,37.8778,36.3678,9.8,,2.8,,KUCUKCAMURLU-GOKSUN
2023.02.09,13:25:28,37.7888,36.5177,5.0,,3.7,3.6,KAYNAR-(KAHRAMANMARAS)
2023.02.09,13:27:17,38.0565,36.5647,5.0,,3.5,3.5,TEMURAGA-GOKSUN
2023.02.09,13:32:37,38.0572,38.3807,5.4,,3.9,3.9,KORUCAK-CELIKHAN
2023.02.09,13:36:59,38.5017,36.6433,25.0,,2.1,,BUYUKSOBECIMEN-SARIZ
2023.02.09,13:38:50,37.4197,37.0593,4.0,,1.8,,ALIBEYUSAGI-(KAHRAMANMARAS)
2023.02.09,13:39:09,38.0765,36.1095,5.0,,3.0,3.1,NALTAS-SAIMBEYLI
2023.02.09,13:42:23,37.2683,36.8447,6.8,,4.4,4.2,KIRISKAL-NURDAGI
2023.02.09,13:46:01,36.9845,36.5787,13.3,,2.6,,IDILLI-ISLAHIYE
2023.02.09,13:48:46,37.5153,37.2342,21.3,,1.9,,ARMUTLU-PAZARCIK
2023.02.09,13:49:20,38.289,38.1435,5.0,,2.5,,SEYITUSAGI-YESILYURT
2023.02.09,13:51:50,38.0732,36.952,5.0,,2.2,,KARADUT-GOKSUN
2023.02.09,13:52:42,37.9972,36.582,4.9,,2.5,,KARAAHMET-GOKSUN
2023.02.09,13:53:59,37.3747,38.6548,19.0,,2.7,,BUYUKORDEK-(SANLIURFA)
2023.02.09,13:55:54,38.0132,37.4175,3.3,,3.4,3.4,NURHAK
2023.02.09,13:59:51,38.5567,41.1132,10.2,,2.5,,AGACKORUR-KULP
2023.02.09,14:00:57,37.9278,37.9518,5.9,,2.5,,ERKENEK-DOGANSEHIR
2023.02.09,14:03:51,38.0708,37.7228,5.0,,3.9,3.9,SOGUT-DOGANSEHIR
2023.02.09,14:11:26,38.0262,38.0608,14.3,,3.1,3.4,GUZELKOY-DOGANSEHIR
2023.02.09,14:12:21,37.5873,37.389,11.5,,3.3,3.3,PAYAMLIBAG-PAZARCIK
2023.02.09,14:14:50,38.0482,37.698,4.3,,3.3,3.3,BEGRE-DOGANSEHIR
2023.02.09,14:17:31,38.0087,37.6438,6.6,,2.6,,GOVDELI-DOGANSEHIR
2023.02.09,14:23:10,38.0483,36.5993,5.1,,3.3,3.2,HACIOMER-GOKSUN
2023.02.09,14:26:32,38.2497,38.0192,8.5,,2.5,,CUMHURIYET-YESILYURT
2023.02.09,14:30:19,39.3197,34.164,8.9,,1.9,,KORPINAR-(KIRSEHIR)
2023.02.09,14:36:15,37.3455,37.083,7.8,,1.4,,SARIERIK-PAZARCIK
2023.02.09,14:38:27,38.2427,39.4627,11.1,,3.1,3.4,CINARKOY-CUNGUS
2023.02.09,14:45:31,38.123,36.9427,5.4,,2.7,,TOMBAK-GOKSUN
2023.02.09,14:48:29,38.0377,37.7098,5.0,,3.9,4.2,KUCUKLU-DOGANSEHIR
2023.02.09,14:50:32,38.008,36.4133,5.4,,3.0,3.2,ACIELMA-GOKSUN
2023.02.09,14:55:10,38.0502,38.2453,5.4,,2.7,,CELIKHAN
2023.02.09,15:05:22,37.9498,36.5908,12.8,,2.6,,KURUCAOVA-(KAHRAMANMARAS)
2023.02.09,15:07:37,37.3893,37.1065,26.2,,2.0,,MAKSUTUSAGI-PAZARCIK
2023.02.09,15:08:33,38.2867,38.2193,5.0,,3.0,2.8,IKIZCE-YESILYURT
2023.02.09,15:13:12,39.0237,40.2913,5.0,,2.3,,YAZGULU-(BINGOL)
2023.02.09,15:15:04,38.2213,37.2123,5.4,,2.2,,ELBISTAN
2023.02.09,15:17:15,38.0585,36.779,3.2,,2.3,,KORKMAZ-GOKSUN
2023.02.09,15:18:20,37.2983,36.9823,12.0,,1.6,,BAYRAMGAZI-PAZARCIK
2023.02.09,15:19:19,37.3123,36.8475,5.0,,1.9,,MINEHUYUK-TURKOGLU
2023.02.09,15:22:03,38.1088,37.8233,5.0,,3.8,,TOPRAKTEPE-DOGANSEHIR
2023.02.09,15:23:45,37.1048,37.0053,5.0,,3.8,,TERKEN-NURDAGI
2023.02.09,15:26:16,37.1797,35.747,5.5,,1.9,,DUMLU-CEYHAN
2023.02.09,15:27:46,38.0445,37.6353,5.0,,2.7,,GOVDELI-DOGANSEHIR
2023.02.09,15:31:16,38.1267,36.3653,9.5,,2.0,,CUKURKISLA-TUFANBEYLI
2023.02.09,15:35:06,39.4805,38.3538,7.8,,3.5,3.4,ALTINTAS-ILIC
2023.02.09,15:35:21,37.7038,37.3715,8.1,,3.4,3.3,KUCUKUNGUT-CAGLAYANCERIT
2023.02.09,15:39:44,36.9575,36.5537,8.5,,3.4,3.3,BOGAZICI-ISLAHIYE
2023.02.09,15:43:37,37.8573,37.7937,6.8,,2.9,2.9,CANKARA-GOLBASI
2023.02.09,15:45:06,38.0698,37.7995,5.8,,3.0,,SOGUT-DOGANSEHIR
2023.02.09,15:46:08,37.9278,38.0765,7.4,,2.9,,UZUNKOY-(ADIYAMAN)
2023.02.09,15:48:03,37.7555,35.6345,5.0,,3.0,,YUKARIKECILI-KOZAN
2023.02.09,15:52:22,38.0517,36.5085,5.0,,3.3,3.4,HACIMIRZA-GOKSUN
2023.02.09,15:54:41,38.1212,36.8318,2.8,,3.1,3.1,CARDAK-GOKSUN
2023.02.09,16:02:29,38.1223,37.9328,13.1,,2.9,,KELHALIL-DOGANSEHIR
2023.02.09,16:04:27,38.0415,36.5653,9.0,,2.1,,YANTEPE-GOKSUN
2023.02.09,16:11:46,36.5227,36.4808,4.6,,3.2,,KAMBERLIKAYA-KIRIKHAN
2023.02.09,16:14:52,37.9938,36.3607,3.9,,2.7,,HUGTAS-GOKSUN
2023.02.09,16:16:41,37.4758,36.5685,10.1,,2.7,,COKRAN-(KAHRAMANMARAS)
2023.02.09,16:18:56,37.9995,36.487,1.2,,3.7,,GOKSUN
2023.02.09,16:20:31,38.1798,36.769,5.0,,2.6,,YAZIKOY-AFSIN
2023.02.09,16:23:22,37.7715,38.0848,5.0,,2.5,,ELCILER-TUT
2023.02.09,16:27:49,38.1373,37.8125,5.0,,4.2,,FINDIKKOY-DOGANSEHIR
2023.02.09,16:30:37,38.2122,38.7147,5.0,,3.7,3.7,PAZARCIK-PUTURGE
2023.02.09,16:34:13,38.0547,36.6963,7.4,,3.3,3.3,FINDIK-GOKSUN
2023.02.09,16:39:50,37.3555,36.709,10.4,,2.5,,IMALI-TURKOGLU
2023.02.09,16:40:49,37.1825,36.7035,5.6,,3.0,,OLUCAK-NURDAGI
2023.02.09,16:43:19,38.51,40.402,1.6,,3.0,3.0,KALEDIBI-HANI
2023.02.09,16:45:07,37.815,36.5838,7.6,,2.4,,CUKURHISAR-(KAHRAMANMARAS)
2023.02.09,16:45:47,37.2497,36.8245,9.2,,2.3,,KIRISKAL-NURDAGI
2023.02.09,16:46:32,37.306,36.9903,14.6,,1.6,,BAYRAMGAZI-PAZARCIK
2023.02.09,16:50:22,39.7852,40.644,5.0,,3.0,,TOZLUCA-ASKALE
2023.02.09,16:51:14,38.086,37.4265,5.0,,2.8,,BAKIS-ELBISTAN
2023.02.09,16:52:47,39.7362,40.6027,5.0,,3.0,,TOKCA-ASKALE
2023.02.09,16:56:33,38.1902,37.1882,5.0,,2.8,,ELBISTAN
2023.02.09,17:06:25,37.994,36.5183,5.2,,2.5,,ASLANBEYCIFTLIGI-GOKSUN
2023.02.09,17:12:24,38.9352,38.3882,7.7,,2.9,,KOYUNCU-ARGUVAN
2023.02.09,17:12:45,38.998,38.716,2.8,,3.0,,OGRENDIK-AGIN
2023.02.09,17:13:15,37.8553,35.4398,9.5,,1.9,,BALCICAKIRI-YAHYALI
2023.02.09,17:14:53,38.085,36.6228,5.4,,3.2,,KANLIKAVAK-GOKSUN
2023.02.09,17:17:44,38.1892,37.8447,5.0,,3.9,3.8,POLAT-DOGANSEHIR
2023.02.09,17:18:59,38.548,44.8022,5.0,,3.7,,TURKIYE-IRAN
2023.02.09,17:23:38,38.2547,38.1318,4.2,,2.6,,GORGU-YESILYURT
2023.02.09,17:31:40,37.2615,36.8913,5.4,,2.0,,NAIMLER-NURDAGI
2023.02.09,17:34:28,37.8963,36.6267,2.3,,2.8,,TEKIR-(KAHRAMANMARAS)
2023.02.09,17:37:35,37.2493,36.8427,5.8,,3.6,3.5,KIRISKAL-NURDAGI
2023.02.09,17:43:53,38.0238,37.6118,8.7,,2.3,,GOVDELI-DOGANSEHIR
2023.02.09,17:50:44,37.22,36.7612,3.9,,1.9,,BELPINAR-NURDAGI
2023.02.09,17:12:45,38.998,38.716,2.8,,3.0,,OGRENDIK-AGIN
2023.02.09,17:13:15,37.8553,35.4398,9.5,,1.9,,BALCICAKIRI-YAHYALI
2023.02.09,17:14:53,38.085,36.6228,5.4,,3.2,,KANLIKAVAK-GOKSUN
2023.02.09,17:17:44,38.1892,37.8447,5.0,,3.9,3.8,POLAT-DOGANSEHIR
2023.02.09,17:18:59,38.548,44.8022,5.0,,3.7,,TURKIYE-IRAN
2023.02.09,17:23:38,38.2547,38.1318,4.2,,2.6,,GORGU-YESILYURT
2023.02.09,17:26:20,38.0082,38.131,3.3,,2.3,,KURUCAOVA-DOGANSEHIR
2023.02.09,17:27:43,37.4625,37.0548,2.4,,2.3,,CINARLI-PAZARCIK
2023.02.09,17:31:40,37.2615,36.8913,5.4,,2.0,,NAIMLER-NURDAGI
2023.02.09,17:34:28,37.8963,36.6267,2.3,,2.8,,TEKIR-(KAHRAMANMARAS)
2023.02.09,17:37:35,37.2493,36.8427,5.8,,3.6,3.5,KIRISKAL-NURDAGI
2023.02.09,17:43:53,38.0238,37.6118,8.7,,2.3,,GOVDELI-DOGANSEHIR
2023.02.09,17:50:44,37.22,36.7612,3.9,,1.9,,BELPINAR-NURDAGI
2023.02.09,17:53:24,38.057,36.6302,6.0,,2.2,,GUCUKSU-GOKSUN
2023.02.09,17:55:01,38.077,37.4655,2.5,,2.5,,SUNNETKOY-ELBISTAN
2023.02.09,18:03:10,38.2168,38.0732,8.9,,2.6,,ISIKLI-YESILYURT
2023.02.09,18:08:31,38.1932,36.3782,22.8,,2.0,,FATMAKUYU-TUFANBEYLI
2023.02.09,18:08:55,38.1407,38.073,10.2,,2.0,,ESKIKOY-DOGANSEHIR
2023.02.09,18:18:50,37.3198,37.0392,3.7,,3.8,,EMIROGLU-PAZARCIK
2023.02.09,18:21:07,38.0412,37.7028,5.0,,3.2,3.2,BEGRE-DOGANSEHIR
2023.02.09,18:30:44,38.2472,37.0287,5.0,,2.5,,KUSKAYASI-AFSIN
2023.02.09,18:37:27,38.565,39.7633,5.0,,3.9,3.9,KUSHANE-(ELAZIG)
2023.02.09,18:40:11,37.3232,36.9435,5.0,,2.1,,BAYRAMGAZI-PAZARCIK
2023.02.09,18:42:07,37.4225,36.9745,3.0,,3.0,,NEVRUZLU-(KAHRAMANMARAS)
2023.02.09,18:46:08,37.3472,36.8892,5.8,,2.5,,HACIBEBEK-TURKOGLU
2023.02.09,18:47:36,37.3402,36.8617,5.4,,3.0,,HACIBEBEK-TURKOGLU
2023.02.09,18:49:15,38.0418,36.5752,5.0,,3.2,,TEMURAGA-GOKSUN
2023.02.09,18:50:53,37.1937,36.7543,6.6,,3.2,,NURDAGI
2023.02.09,18:55:06,38.0425,37.4492,5.7,,2.5,,NURHAK
2023.02.09,18:56:34,37.6698,37.316,9.6,,2.4,,BOLUKDAMLAR-CAGLAYANCERIT
2023.02.09,18:58:21,38.1828,37.8765,8.3,,2.1,,KARATERZI-DOGANSEHIR
2023.02.09,19:01:05,38.0558,38.3643,4.4,,3.0,,KORUCAK-CELIKHAN
2023.02.09,19:05:06,37.1945,36.9215,17.8,,2.3,,SAKCAGOZE-NURDAGI
2023.02.09,19:08:55,38.0708,36.6265,5.4,,2.8,,GUCUKSU-GOKSUN
2023.02.09,19:11:55,37.532,37.1212,5.8,,2.2,,ELMALAR-(KAHRAMANMARAS)
2023.02.09,19:14:31,37.5268,37.1715,4.9,,2.6,,KARTAL-(KAHRAMANMARAS)
2023.02.09,19:15:34,37.376,36.8805,5.4,,2.5,,GOLLUHUYUK-TURKOGLU
2023.02.09,19:19:42,37.392,37.0195,5.0,,2.1,,KUMCATI-TURKOGLU
2023.02.09,19:20:28,37.1733,37.0337,3.6,,2.5,,ATALAR-SEHITKAMIL
2023.02.09,19:26:00,38.0917,36.4327,7.4,,2.2,,MEHMETBEY-GOKSUN
2023.02.09,19:26:38,37.5037,37.1448,6.2,,2.4,,KARTAL-(KAHRAMANMARAS)
2023.02.09,19:29:33,38.1298,37.009,10.7,,2.5,,CALIS-ELBISTAN
2023.02.09,19:30:22,38.0173,38.2058,5.0,,3.6,3.6,PINARBASI-CELIKHAN
2023.02.09,19:31:55,37.8522,37.7307,24.7,,2.3,,HARMANLI-GOLBASI
2023.02.09,19:33:40,37.5672,37.3472,7.7,,2.3,,SAHINTEPE-PAZARCIK
2023.02.09,19:35:55,38.3497,37.0895,4.3,,2.4,,KISLAKOY-ELBISTAN
2023.02.09,19:36:49,38.1295,36.5615,5.0,,2.2,,CAMDERE-GOKSUN
2023.02.09,19:38:47,38.1668,37.9097,8.1,,2.3,,POLATDERESI-DOGANSEHIR
2023.02.09,19:40:45,36.3233,36.0307,4.6,,2.8,,KARAGOZ-ARSUZ
2023.02.09,19:47:44,37.902,37.933,5.0,,3.2,,ERKENEK-DOGANSEHIR
2023.02.09,19:49:44,38.0572,36.4967,5.0,,2.8,,HACIMIRZA-GOKSUN
2023.02.09,19:51:28,38.0,36.9423,8.1,,2.1,,HACIBUDAK-(KAHRAMANMARAS)
2023.02.09,19:53:02,37.3938,36.9408,6.5,,2.6,,TAHTALIDEDELER-TURKOGLU
2023.02.09,19:56:00,37.0032,36.4135,11.9,,2.9,,YARPUZ-(OSMANIYE)
2023.02.09,19:58:40,38.022,37.5007,5.0,,2.8,,TATLAR-NURHAK
2023.02.09,20:00:35,37.4398,37.0003,5.4,,2.6,,SIVRICEHUYUK-(KAHRAMANMARAS)
2023.02.09,20:01:31,37.3708,37.0717,9.9,,2.3,,ARSLANBEY-PAZARCIK
2023.02.09,20:04:26,37.9722,36.476,5.0,,2.5,,TASOLUK-GOKSUN
2023.02.09,20:07:30,38.3792,36.5992,4.0,,1.9,,CAGSAK-SARIZ
2023.02.09,20:10:32,37.3143,37.085,2.7,,2.7,,OSMANDEDE-PAZARCIK
2023.02.09,20:12:24,38.3412,37.879,29.4,,2.4,,BAYRAMUSAGI-AKCADAG
2023.02.09,20:15:20,38.9145,39.6988,5.0,,2.6,,GELINPINAR-MAZGIRT
2023.02.09,20:20:22,37.0032,36.4162,7.0,,3.2,,YARPUZ-(OSMANIYE)
2023.02.09,20:22:47,38.0587,36.5882,22.4,,2.3,,HACIOMER-GOKSUN
2023.02.09,20:28:11,38.1628,37.8535,22.0,,2.5,,POLAT-DOGANSEHIR
2023.02.09,20:29:21,38.9617,39.7928,5.0,,2.7,,OZDEK-MAZGIRT
2023.02.09,20:34:37,37.5087,37.4193,5.4,,2.7,,SALLIUSAGI-PAZARCIK
2023.02.09,20:36:08,38.9662,39.796,8.6,,2.6,,CATKOY-MAZGIRT
2023.02.09,20:38:28,38.8755,39.6838,7.8,,2.0,,KEPEKTASI-MAZGIRT
2023.02.09,20:39:32,38.0615,36.5683,17.3,,2.8,,TEMURAGA-GOKSUN
2023.02.09,20:47:16,38.1153,36.6222,5.0,,2.3,,KANLIKAVAK-GOKSUN
2023.02.09,20:50:31,38.1832,38.6452,4.5,,3.6,,ARITOPRAK-PUTURGE
2023.02.09,20:51:50,38.0977,36.4928,2.8,,4.0,3.8,MAHMUTBEY-GOKSUN
2023.02.09,20:56:39,38.6602,44.2195,16.5,,2.2,,SIRIMLI-SARAY
2023.02.09,20:57:02,37.8562,36.258,5.2,,2.2,,TOPALLAR-SAIMBEYLI
2023.02.09,21:00:35,38.0363,36.3955,5.0,,2.5,,SOGUKPINAR-GOKSUN
2023.02.09,21:03:21,38.2723,38.695,5.0,,3.2,3.1,CAYKOY-PUTURGE
2023.02.09,21:05:52,38.0498,37.2013,5.6,,2.6,,EKINOZU
2023.02.09,21:07:43,37.8947,37.2378,28.1,,1.9,,UMUTLU-NURHAK
2023.02.09,21:09:01,37.5538,36.8167,5.1,,1.8,,CUCELI-(KAHRAMANMARAS)
2023.02.09,21:12:52,37.3465,37.0573,14.3,,2.2,,EMIROGLU-PAZARCIK
2023.02.09,21:14:40,37.2563,36.1447,6.7,,2.4,,ASAGIBOZKUYU-KADIRLI
2023.02.09,21:18:10,38.9053,44.4458,5.0,,3.6,,TURKIYE-IRAN
2023.02.09,21:19:43,37.2837,37.0098,7.3,,2.4,,AKDEMIR-PAZARCIK
2023.02.09,21:20:20,37.7077,37.4037,10.3,,2.6,,BOZLAR-CAGLAYANCERIT
2023.02.09,21:21:45,37.9723,36.6928,3.0,,3.0,2.8,CAMLICA-(KAHRAMANMARAS)
2023.02.09,21:25:52,38.0953,37.7882,5.0,,2.9,,FINDIKKOY-DOGANSEHIR
2023.02.09,21:27:18,37.0437,36.8063,7.2,,2.3,,KATRANCI-NURDAGI
2023.02.09,21:30:17,38.6962,44.5262,7.0,,2.6,,TURKIYE-IRAN
2023.02.09,21:30:40,38.0818,36.5148,8.2,,2.8,,ALICLIBUCAK-GOKSUN
2023.02.09,21:32:40,37.9183,36.652,8.7,,1.8,,TEKIR-(KAHRAMANMARAS)
2023.02.09,21:36:09,37.3395,37.0355,5.0,,3.6,3.8,DEMIRCILER-PAZARCIK
2023.02.09,21:38:50,38.1215,36.6228,8.0,,2.5,,KANLIKAVAK-GOKSUN
2023.02.09,21:49:37,36.2258,35.8345,24.1,,4.1,4.1,KALE-ARSUZ
2023.02.09,21:52:33,38.123,37.0343,5.3,,3.5,,CALIS-ELBISTAN
2023.02.09,21:55:13,37.6422,35.469,4.7,,2.9,,KUP-ALADAG
2023.02.09,22:02:44,38.0103,36.4153,15.7,,2.2,,ACIELMA-GOKSUN
2023.02.09,22:04:45,38.084,36.9915,7.9,,2.8,,KARADUT-GOKSUN
2023.02.09,22:06:30,39.2003,32.1548,5.0,,2.7,,OZYURT-POLATLI
2023.02.09,22:10:35,38.2582,38.076,2.1,,2.7,,KIRLANGIC-YESILYURT
2023.02.09,22:14:42,37.6098,37.9075,26.5,,2.5,,KONUKLU-BESNI
2023.02.09,22:15:27,38.3762,36.7775,23.2,,2.5,,INCIRLI-AFSIN
2023.02.09,22:18:51,38.0992,36.4978,5.0,,3.1,,MAHMUTBEY-GOKSUN
2023.02.09,22:20:20,38.014,37.286,23.3,,2.9,,GOZPINAR-EKINOZU
2023.02.09,22:21:04,38.022,36.4488,2.9,,3.1,3.1,YIRICEK-GOKSUN
2023.02.09,22:37:44,38.012,36.5105,3.2,,3.6,,GOKSUN
2023.02.09,22:37:44,38.012,36.5105,3.2,,3.6,,GOKSUN
2023.02.09,22:39:49,38.1282,38.5237,5.0,,2.3,,GECITLI-SINCIK
2023.02.09,22:48:41,36.9732,36.6198,5.4,,2.9,,KARAPINAR-ISLAHIYE
2023.02.09,22:58:30,38.2212,38.1093,5.0,,3.8,3.9,ISIKLI-YESILYURT
2023.02.09,23:03:46,38.509,40.3795,5.0,,3.9,3.9,KALEDIBI-HANI
2023.02.09,23:04:04,37.4967,37.222,12.1,,2.2,2.3,SOGUTLU-PAZARCIK
2023.02.09,23:06:45,38.4507,37.4598,58.1,,2.2,,YAVUZLAR-DARENDE
2023.02.09,23:09:56,37.9835,36.4582,6.2,,2.5,,TASOLUK-GOKSUN
2023.02.09,23:13:18,37.466,37.2282,1.1,,2.3,,YARBASI-PAZARCIK
2023.02.09,23:14:22,38.488,40.2453,7.7,,3.2,3.1,UCOCAK-ARICAK
2023.02.09,23:16:30,37.3782,36.9535,5.1,,2.3,,OZBEK-TURKOGLU
2023.02.09,23:20:36,38.0142,38.267,14.6,,2.7,,CELIKHAN
2023.02.09,23:25:26,37.891,36.2637,5.0,,2.7,,TOPALLAR-SAIMBEYLI
2023.02.09,23:28:39,37.1517,36.9228,1.1,,2.2,,ATAKOY-NURDAGI
2023.02.09,23:29:24,37.9287,33.8055,6.4,,1.9,,EMIRGAZI
2023.02.09,23:34:57,38.0587,36.5682,4.5,,2.7,,TEMURAGA-GOKSUN
2023.02.09,23:38:26,38.8702,44.4517,5.0,,2.5,,TURKIYE-IRAN
2023.02.09,23:40:34,38.044,37.2897,4.4,,3.2,3.3,GOZPINAR-EKINOZU
2023.02.09,23:45:21,38.018,36.5017,5.4,,3.0,2.8,GOKSUN
2023.02.09,23:49:04,38.247,38.1087,7.7,,2.7,,GORGU-YESILYURT
2023.02.09,23:53:32,37.3165,36.9175,5.0,,1.4,,BALIKALAN-NURDAGI
2023.02.09,23:54:40,38.9565,44.5045,7.9,,2.6,,TURKIYE-IRAN
2023.02.09,23:56:39,39.0895,41.2018,8.5,,2.3,,BAGLIISA-KARLIOVA
2023.02.09,23:57:56,37.4635,37.1043,5.6,,2.5,,SEYRANTEPE-PAZARCIK
2023.02.10,00:02:10,37.425,37.0377,5.7,,3.0,,ALIBEYUSAGI-(KAHRAMANMARAS)
2023.02.10,00:08:35,38.2043,37.8285,6.2,,2.4,,DEDEYAZI-DOGANSEHIR
2023.02.10,00:12:57,37.4665,37.0398,7.1,,2.5,,KAPICAM-(KAHRAMANMARAS)
2023.02.10,00:16:03,37.5872,37.2063,6.7,,2.2,,KUZUCAK-(KAHRAMANMARAS)
2023.02.10,00:17:49,37.8908,36.6633,19.0,,2.6,,TEKIR-(KAHRAMANMARAS)
2023.02.10,00:20:03,38.0032,37.558,5.0,,2.6,,TATLAR-NURHAK
2023.02.10,00:21:50,38.223,37.871,9.4,,2.6,,DEDEYAZI-DOGANSEHIR
2023.02.10,00:22:17,37.2132,35.5797,5.2,,2.1,,FAYDALI-IMAMOGLU
2023.02.10,00:22:50,38.1828,37.8487,5.0,,2.5,,POLAT-DOGANSEHIR
2023.02.10,00:27:30,37.2853,37.0995,5.9,,3.0,,ORDEKDEDE-PAZARCIK
2023.02.10,00:31:06,38.1767,38.6925,9.4,,2.7,,KORME-PUTURGE
2023.02.10,00:35:47,38.0878,37.0423,5.4,,2.7,,SOYSALLI-EKINOZU
2023.02.10,00:36:56,39.0762,41.8467,8.3,,2.6,,AKCATEPE-VARTO
2023.02.10,00:46:30,37.2425,36.8268,8.1,,4.1,,KIRISKAL-NURDAGI
2023.02.10,00:50:33,38.3992,39.633,8.7,,3.0,,DUTPINAR-MADEN
2023.02.10,00:51:49,38.1443,38.5508,2.8,,3.4,3.4,GECITLI-SINCIK
2023.02.10,00:58:51,38.1507,37.892,5.0,,2.5,,YOLKURU-DOGANSEHIR
2023.02.10,01:00:21,38.172,36.7018,5.0,,3.8,,BUYUKKIZILCIK-GOKSUN
2023.02.10,01:01:35,37.7697,36.4913,5.3,,3.0,,ALTINYAYLA-ANDIRIN
2023.02.10,01:06:38,36.9312,36.7172,11.2,,4.2,,ORTAKLI-ISLAHIYE
2023.02.10,01:10:39,37.9777,37.6185,5.0,,2.6,,KAPIDERE-DOGANSEHIR
2023.02.10,01:12:05,38.521,40.5017,19.2,,2.3,,BIRLIK-LICE
2023.02.10,01:18:40,37.8652,36.6825,9.8,,2.0,,SAHINKAYASI-(KAHRAMANMARAS)
2023.02.10,01:19:22,37.2807,36.9678,6.0,,2.0,,EMIRLER-NURDAGI
2023.02.10,01:19:38,36.9655,34.4037,10.4,,1.7,,DEMIRISIK-MEZITLI
2023.02.10,01:21:30,38.6635,44.1155,5.0,,3.4,3.6,MOLLATOPUZ-OZALP
2023.02.10,01:22:22,38.7137,44.1593,5.4,,1.6,,DONERDERE-OZALP
2023.02.10,01:24:13,37.4735,37.2423,4.2,,2.0,,YARBASI-PAZARCIK
2023.02.10,01:25:39,37.4332,36.9083,4.3,,1.9,,KUYUMCULAR-TURKOGLU
2023.02.10,01:26:43,38.0853,38.0497,3.6,,2.2,,ESKIKOY-DOGANSEHIR
2023.02.10,01:34:17,38.5623,40.4443,2.2,,2.2,,SENLIK-LICE
2023.02.10,01:36:23,39.4443,33.1608,1.5,,1.7,,YENIYAPANSIHLI-BALA
2023.02.10,01:39:21,38.4548,40.2343,10.3,,2.0,,UCOCAK-ARICAK
2023.02.10,01:39:23,38.5228,40.3595,4.5,,1.6,,KALEDIBI-HANI
2023.02.10,01:41:12,38.5413,40.5858,8.2,,1.9,,ORTULU-LICE
2023.02.10,01:41:29,37.8813,36.6715,8.7,,2.6,,DONGEL-(KAHRAMANMARAS)
2023.02.10,01:44:38,38.044,36.514,5.5,,2.6,,HACIMIRZA-GOKSUN
2023.02.10,01:46:21,38.2868,37.3243,7.3,,2.3,,GUNDERE-ELBISTAN
2023.02.10,01:46:27,37.4905,37.0818,4.4,,2.3,,CIGLI-(KAHRAMANMARAS)
2023.02.10,01:47:32,38.187,37.886,5.3,,2.0,,KARATERZI-DOGANSEHIR
2023.02.10,01:52:06,37.3882,36.9828,6.5,,2.8,,EKBEROGLU-(KAHRAMANMARAS)
2023.02.10,01:53:42,38.3073,37.3423,5.0,,3.1,3.1,GUNDERE-ELBISTAN
2023.02.10,01:54:56,37.4635,29.1627,5.0,,1.3,,OVACIK-TAVAS
2023.02.10,02:00:42,37.9103,36.2033,5.4,,2.9,,AKSAAGAC-SAIMBEYLI
2023.02.10,02:02:37,38.0722,36.4968,4.6,,3.2,3.2,ORTATEPE-GOKSUN
2023.02.10,02:04:30,38.7778,44.6207,4.3,,2.4,,TURKIYE-IRAN
2023.02.10,02:08:35,37.1193,28.418,11.3,,1.9,,ULA
2023.02.10,02:09:41,37.51,37.1653,7.3,,2.6,,KARTAL-(KAHRAMANMARAS)
2023.02.10,02:11:08,37.9033,37.8098,5.0,,2.7,,KARANLIKDERE-DOGANSEHIR
2023.02.10,02:17:47,38.1857,37.3377,3.0,,2.7,,AKBAYIR-ELBISTAN
2023.02.10,02:23:33,37.8588,37.7767,5.0,,2.6,,HARMANLI-GOLBASI
2023.02.10,02:25:52,37.8088,37.0812,21.2,,2.7,,BOYALI-(KAHRAMANMARAS)
2023.02.10,02:25:58,37.2078,36.7053,23.4,,2.3,,BASPINAR-NURDAGI
2023.02.10,02:26:31,38.3675,37.2748,5.4,,3.1,3.2,GOKCEK-ELBISTAN
2023.02.10,02:31:48,38.7793,40.15,7.9,,3.0,,KOKLUCE-PALU
2023.02.10,02:35:24,37.808,38.0475,18.8,,2.9,,DANDIRMAZ-(ADIYAMAN)
2023.02.10,02:36:12,38.1795,37.8995,5.0,,2.7,,KARATERZI-DOGANSEHIR
2023.02.10,02:38:18,35.9185,36.3593,7.6,,3.7,,KOLCULAR-ALTINOZU
2023.02.10,02:41:52,38.0567,36.4963,4.3,,2.7,,HACIMIRZA-GOKSUN
2023.02.10,02:48:30,37.9972,36.5115,3.1,,3.8,,KIRECKOY-GOKSUN
2023.02.10,02:52:01,39.2638,43.6123,5.0,,2.3,,SOGUKSU-DIYADIN
2023.02.10,02:53:28,38.0483,37.5597,8.7,,2.3,,GOVDELI-DOGANSEHIR
2023.02.10,02:56:02,36.0492,36.0168,12.4,,3.3,,SEBENOBA-YAYLADAGI
2023.02.10,03:01:27,38.2575,38.2255,6.0,,3.8,4.0,KADIRUSAGI-YESILYURT
2023.02.10,03:05:39,38.1485,36.6522,5.0,,2.5,,YENIYAPAN-GOKSUN
2023.02.10,03:07:07,38.1125,36.7392,4.8,,2.9,,FINDIK-GOKSUN
2023.02.10,03:12:18,38.5122,40.405,7.6,,2.9,,SENLIK-LICE
2023.02.10,03:13:21,39.4653,33.1865,13.8,,1.3,,YENIYAPANSIHLI-BALA
2023.02.10,03:18:06,37.9523,36.3763,5.4,,2.2,,SIRMALI-GOKSUN
2023.02.10,03:21:36,38.0193,37.5948,5.0,,2.8,,GOVDELI-DOGANSEHIR
2023.02.10,03:27:56,38.1202,38.4437,7.6,,3.0,2.8,KARAGOL-CELIKHAN
2023.02.10,03:31:03,37.8325,36.4612,3.6,,2.5,,GEBEN-ANDIRIN
2023.02.10,03:31:54,36.4503,36.3522,9.8,,2.3,,AKTUTAN-KIRIKHAN
2023.02.10,03:34:12,37.316,36.843,5.4,,2.7,,MINEHUYUK-TURKOGLU
2023.02.10,03:37:03,38.1385,36.7395,9.9,,2.5,,KARAOMER-GOKSUN
2023.02.10,03:39:24,37.8138,36.4735,6.9,,2.8,,GEBEN-ANDIRIN
2023.02.10,03:41:53,37.5427,35.8515,12.4,,2.5,,DAGLICA-KOZAN
2023.02.10,03:42:20,37.735,35.4155,5.0,,2.4,,BUYUKCAKIR-YAHYALI
2023.02.10,03:49:58,39.095,40.8277,8.2,,1.8,,HACILAR-KARLIOVA
2023.02.10,03:53:41,38.0805,37.7183,3.2,,3.2,,BEGRE-DOGANSEHIR
2023.02.10,03:57:00,38.1997,36.9435,8.1,,2.1,,ERCENE-AFSIN
2023.02.10,04:01:52,38.0787,36.5493,3.1,,3.1,3.0,ALICLIBUCAK-GOKSUN
2023.02.10,04:04:10,37.9623,37.394,4.3,,3.1,3.0,NURHAK
2023.02.10,04:06:13,36.9047,27.2522,11.6,,1.2,,KOS
2023.02.10,04:06:58,35.9477,36.1668,11.4,,2.2,,ARSLANYAZI-YAYLADAGI
2023.02.10,04:12:19,37.329,37.0302,4.6,,2.7,,CENNETPINARI-PAZARCIK
2023.02.10,04:15:03,37.9627,36.5027,5.1,,3.3,3.3,GOLPINAR-GOKSUN
2023.02.10,04:17:01,38.0388,36.6022,5.0,,3.5,3.2,KALEKOY-GOKSUN
2023.02.10,04:18:17,36.9063,27.3027,14.3,,2.3,,KOS
2023.02.10,04:20:46,37.824,36.452,8.6,,2.5,,GEBEN-ANDIRIN
2023.02.10,04:22:42,37.469,36.9638,11.8,,1.7,,KOCALAR-(KAHRAMANMARAS)
2023.02.10,04:24:44,36.8918,27.282,3.3,,1.6,,KOS
2023.02.10,04:25:23,38.8675,44.5055,2.6,,2.2,,TURKIYE-IRAN
2023.02.10,04:28:13,37.4578,36.9653,5.4,,2.9,,KOCALAR-(KAHRAMANMARAS)
2023.02.10,04:30:23,36.9387,27.3147,5.1,,1.7,,GOKOVA
2023.02.10,04:31:40,36.811,27.1392,5.5,,2.3,,KOS
2023.02.10,04:33:09,37.7385,37.1323,17.5,,3.2,3.0,KEMALLI-(KAHRAMANMARAS)
2023.02.10,04:33:48,38.5452,39.5802,5.1,,2.7,,YESILOVA-MADEN
2023.02.10,04:35:18,36.905,27.327,6.4,,1.5,,KOS
2023.02.10,04:37:41,40.4397,41.6895,9.0,,2.1,,TUTMAC-OLTU
2023.02.10,04:38:49,36.8952,27.3403,9.2,,1.8,,GOKOVA
2023.02.10,04:38:49,38.144,36.524,5.0,,1.8,,BOZHUYUK-GOKSUN
2023.02.10,04:40:43,39.4592,33.18,5.3,,1.2,,YENIYAPANSIHLI-BALA
2023.02.10,04:41:10,38.0837,37.0857,9.4,,2.2,,SOYSALLI-EKINOZU
2023.02.10,04:44:26,36.9215,27.3018,5.0,,1.4,,KOS
2023.02.10,04:44:52,37.9572,36.863,5.0,,2.5,,HACIBUDAK-(KAHRAMANMARAS)
2023.02.10,04:46:09,39.4728,40.5795,6.6,,2.2,,KASIKLI-YEDISU
2023.02.10,04:47:44,38.0487,36.5413,5.1,,2.6,,ORTATEPE-GOKSUN
2023.02.10,04:48:08,36.8772,27.3212,9.6,,1.4,,KOS
2023.02.10,04:48:48,38.0792,36.6032,5.3,,2.8,,YAGMURLU-GOKSUN
2023.02.10,04:50:30,36.8773,36.6495,25.4,,2.7,,ASAGIBILENLER-ISLAHIYE
2023.02.10,04:50:59,37.8947,36.6898,5.0,,4.4,4.4,SAHINKAYASI-(KAHRAMANMARAS)
2023.02.10,04:52:21,36.9392,27.3875,16.0,,2.1,,GOKOVA
2023.02.10,04:55:25,36.8887,27.3035,5.0,,1.8,,KOS
2023.02.10,04:56:20,37.9067,32.4045,5.4,,2.8,,SELCUKLU
2023.02.10,04:58:50,38.046,36.7365,24.8,,2.0,,FINDIK-GOKSUN
2023.02.10,05:02:51,39.0608,40.8238,5.9,,3.6,,COBANTASI-(BINGOL)
2023.02.10,05:03:40,38.2112,38.1857,5.0,,4.5,4.4,ATALAR-YESILYURT
2023.02.10,05:05:02,36.9045,27.3313,10.6,,2.4,,KOS
2023.02.10,05:10:01,38.9057,29.1342,2.8,,2.0,,KIZILKOLTUK-SAPHANE
2023.02.10,05:11:50,37.9315,32.4252,5.4,,2.2,,SELCUKLU
2023.02.10,05:12:32,37.8298,36.6447,8.0,,2.9,,CAGLAYAN-(KAHRAMANMARAS)
2023.02.10,05:16:42,38.0527,36.6215,7.5,,1.9,,KALEKOY-GOKSUN
2023.02.10,05:20:54,36.3142,36.1687,8.6,,2.6,,UCGEDIK-(HATAY)
2023.02.10,05:21:20,37.597,30.122,6.5,,1.7,,YASSIGUME-(BURDUR)
2023.02.10,05:22:09,38.1562,36.2208,5.4,,2.3,,GUZELIM-TUFANBEYLI
2023.02.10,05:23:42,38.1122,37.7775,5.0,,2.5,,FINDIKKOY-DOGANSEHIR
2023.02.10,05:25:22,37.1663,30.4293,9.7,,1.8,,AKKOC-DOSEMEALTI
2023.02.10,05:26:54,37.4243,37.212,9.5,,2.1,,SALMANIPAK-PAZARCIK
2023.02.10,05:28:16,37.8787,37.8218,19.7,,2.8,,CANKARA-GOLBASI
2023.02.10,05:34:31,38.0712,36.6595,5.3,,2.7,,GUCUKSU-GOKSUN
2023.02.10,05:36:23,37.8485,36.5522,7.8,,2.8,,KUMARLI-(KAHRAMANMARAS)
2023.02.10,05:37:47,36.9142,36.5492,11.0,,2.8,,YESILYURT-ISLAHIYE
2023.02.10,05:41:39,36.9765,36.626,6.9,,3.5,,KARAPINAR-ISLAHIYE
2023.02.10,05:43:44,38.2107,36.6158,11.7,,1.9,,ESENKOY-GOKSUN
2023.02.10,05:45:39,39.0708,40.785,4.7,,2.1,,COBANTASI-(BINGOL)
2023.02.10,05:50:07,37.3647,36.9028,5.4,,2.4,,GOLLUHUYUK-TURKOGLU
2023.02.10,05:53:25,38.1627,36.7018,31.2,,1.7,,BUYUKKIZILCIK-GOKSUN
2023.02.10,05:54:12,38.1447,36.8275,9.7,,2.0,,KARGABUKU-AFSIN
2023.02.10,05:55:32,39.6665,38.0093,5.0,,3.4,3.4,KARDERE-ZARA
2023.02.10,05:58:18,36.2787,36.21,18.4,,3.3,,HASANLI-(HATAY)
2023.02.10,06:00:12,37.2905,37.0978,16.8,,2.0,,ORDEKDEDE-PAZARCIK
2023.02.10,06:01:02,38.0733,36.562,4.5,,3.3,3.1,YAGMURLU-GOKSUN
2023.02.10,06:05:14,38.2432,37.355,3.3,,2.8,,DEMIRCILIK-ELBISTAN
2023.02.10,06:08:19,38.1072,36.7867,5.3,,2.4,,KORKMAZ-GOKSUN
2023.02.10,06:10:23,38.0583,36.6277,5.0,,2.8,,GUCUKSU-GOKSUN
2023.02.10,06:13:07,37.198,36.958,11.0,,2.8,,SATIRHUYUK-NURDAGI
2023.02.10,06:14:54,38.0938,36.6735,5.4,,2.3,,KARAOMER-GOKSUN
2023.02.10,06:17:20,39.0753,40.7908,3.7,,1.6,,COBANTASI-(BINGOL)
2023.02.10,06:19:18,36.7513,36.4373,10.6,,2.6,,BADEMLI-HASSA
2023.02.10,06:19:56,36.917,27.3055,2.7,,1.9,,KOS
2023.02.10,06:20:50,36.9005,27.197,4.6,,2.2,,KOS
2023.02.10,06:22:47,37.99,36.364,10.4,,3.6,3.5,HUGTAS-GOKSUN
2023.02.10,06:25:39,36.9023,27.3273,8.1,,1.8,,KOS
2023.02.10,06:32:28,38.1268,37.2578,8.0,,2.4,,OZCANLI-ELBISTAN
2023.02.10,06:34:27,38.2955,38.1703,4.9,,2.1,,IKIZCE-YESILYURT
2023.02.10,06:39:50,38.0678,38.2817,6.3,,3.1,,KOSEUSAGI-CELIKHAN
2023.02.10,06:45:21,37.9152,36.2395,5.2,,3.4,,AKSAAGAC-SAIMBEYLI
2023.02.10,06:46:51,40.6418,30.4792,6.6,,1.8,,KANLICAY-KARAPURCEK
2023.02.10,06:49:32,39.812,34.165,7.5,,1.4,,KONURKALE-CICEKDAGI
2023.02.10,06:54:16,38.0825,38.4773,4.6,,2.6,,KARAKOSE-SINCIK
2023.02.10,06:56:04,38.1517,37.7673,5.0,,2.8,,CAVUSLU-DOGANSEHIR
2023.02.10,06:57:49,38.0978,38.3883,5.0,,3.0,3.3,KARAGOL-CELIKHAN
2023.02.10,07:02:01,37.657,37.4042,7.3,,2.1,,SAKARKAYA-PAZARCIK
2023.02.10,07:02:42,38.2053,38.7075,5.0,,2.3,,ALIHAN-PUTURGE
2023.02.10,07:07:35,38.2048,38.7317,2.4,,2.9,,PAZARCIK-PUTURGE
2023.02.10,07:11:04,38.3178,37.3177,8.9,,2.7,,BUYUKYAPALAK-ELBISTAN
2023.02.10,07:11:27,38.0503,37.5057,5.0,,2.7,,TATLAR-NURHAK
2023.02.10,07:13:05,37.8942,36.6268,7.4,,2.2,,TEKIR-(KAHRAMANMARAS)
2023.02.10,07:17:37,38.0817,36.5073,8.7,,2.9,,ALICLIBUCAK-GOKSUN
2023.02.10,07:18:02,38.1148,36.5837,7.3,,2.5,,KANLIKAVAK-GOKSUN
2023.02.10,07:18:58,38.0782,36.5692,3.9,,1.9,,YAGMURLU-GOKSUN
2023.02.10,07:20:18,38.0528,37.4552,8.4,,2.1,,TATLAR-NURHAK
2023.02.10,07:22:23,37.4127,37.1122,5.7,,1.9,,DENIZLI-PAZARCIK
2023.02.10,07:23:51,39.4103,26.2942,2.6,,2.6,,EDREMIT
2023.02.10,07:25:31,38.1402,37.4463,2.9,,2.4,,SUNNETKOY-ELBISTAN
2023.02.10,07:26:23,36.7713,36.5813,9.7,,2.7,,ASAGIKARAFAKILI-HASSA
2023.02.10,07:27:05,38.3182,36.4198,5.0,,1.7,,KURUDERE-SARIZ
2023.02.10,07:34:49,38.0325,36.5777,8.9,,2.6,,KARAAHMET-GOKSUN
2023.02.10,07:36:34,38.1,37.2703,7.4,,2.4,,GUMUSDOVEN-ELBISTAN
2023.02.10,07:37:13,37.9008,36.4067,5.4,,2.4,,BUYUKCAMURLU-GOKSUN
2023.02.10,07:38:38,38.1148,36.9682,5.4,,2.1,,TOMBAK-GOKSUN
2023.02.10,07:40:02,38.0075,36.4303,4.4,,2.9,,ACIELMA-GOKSUN
2023.02.10,07:47:42,36.0228,35.8142,15.6,,3.6,,AKDENIZ
2023.02.10,07:50:22,38.2347,38.1608,2.3,,5.0,,SEYITUSAGI-YESILYURT
2023.02.10,07:53:50,38.0913,38.4707,2.6,,4.1,,KARAKOSE-SINCIK
2023.02.10,07:58:29,38.0485,36.582,5.2,,2.0,,TEMURAGA-GOKSUN
2023.02.10,08:03:40,38.0635,37.171,5.0,,3.1,,EKINOZU
2023.02.10,08:05:14,38.0513,37.0822,11.5,,1.9,,KANDILKOY-EKINOZU
2023.02.10,08:10:02,38.0898,36.5973,5.4,,2.3,,YAGMURLU-GOKSUN
2023.02.10,08:11:20,38.1417,38.5078,4.1,,3.1,,AKSU-SINCIK
2023.02.10,08:12:55,38.1328,37.9287,8.1,,2.3,,KELHALIL-DOGANSEHIR
2023.02.10,08:14:45,38.054,37.1693,7.9,,2.3,,EKINOZU
2023.02.10,08:16:44,38.1983,38.1467,3.2,,2.8,,ATALAR-YESILYURT
2023.02.10,08:18:36,38.1082,38.5228,4.2,,3.0,,GECITLI-SINCIK
2023.02.10,08:23:03,37.9253,37.968,16.8,,2.5,,ERKENEK-DOGANSEHIR
2023.02.10,08:24:16,37.9853,37.4262,6.8,,2.6,,NURHAK
2023.02.10,08:25:51,38.086,37.2105,9.4,,2.4,,AKPINAR-EKINOZU
2023.02.10,08:28:45,37.996,36.6027,5.0,,3.8,,KARAAHMET-GOKSUN
2023.02.10,08:30:02,38.2395,38.8673,5.0,,3.5,,ORMELI-PUTURGE
2023.02.10,08:35:58,37.7527,36.0697,5.0,,2.8,,AKOLUK-FEKE
2023.02.10,08:39:58,37.8005,37.8528,18.1,,2.4,,MERYEMUSAGI-TUT
2023.02.10,08:42:56,37.5313,37.2873,7.3,,2.4,,TETIRLIK-PAZARCIK
2023.02.10,08:45:16,38.028,36.459,5.4,,2.2,,CAGLAYAN-GOKSUN
2023.02.10,08:45:30,37.7602,27.8732,9.3,,2.4,,SAVRANDERE-(AYDIN)
2023.02.10,08:46:43,38.2142,37.8573,5.9,,2.4,,DEDEYAZI-DOGANSEHIR
2023.02.10,08:51:49,38.216,42.9128,5.0,,3.4,3.5,YANIKCAY-GEVAS
2023.02.10,08:53:47,38.0903,37.4173,5.0,,2.1,,BAKIS-ELBISTAN
2023.02.10,08:57:24,37.6725,37.7232,7.3,,2.4,,CAYKAYA-BESNI
2023.02.10,09:01:24,38.075,36.6973,5.1,,2.1,,FINDIK-GOKSUN
2023.02.10,09:02:23,38.1077,36.4748,5.0,,2.1,,MAHMUTBEY-GOKSUN
2023.02.10,09:06:36,38.2037,36.6797,5.4,,1.9,,ESENKOY-GOKSUN
2023.02.10,09:07:38,38.0552,37.4893,5.0,,2.5,,TATLAR-NURHAK
2023.02.10,09:13:56,38.2058,36.7288,2.6,,2.5,,BUYUKKIZILCIK-GOKSUN
2023.02.10,09:17:06,38.014,37.4005,4.2,,2.5,,BARIS-NURHAK
2023.02.10,09:21:36,38.0067,36.5987,2.1,,3.7,,SARAYCIK-GOKSUN
2023.02.10,09:27:35,38.0673,37.1735,9.4,,2.7,,EKINOZU
2023.02.10,09:29:03,38.1172,37.0788,5.0,,2.4,,ORTAOREN-EKINOZU
2023.02.10,09:30:10,38.0655,36.6013,5.3,,1.8,,HACIOMER-GOKSUN
2023.02.10,09:32:36,38.5438,39.9183,9.4,,2.0,,HALKALI-ALACAKAYA
2023.02.10,09:35:36,38.0958,36.9757,5.4,,2.7,,KARADUT-GOKSUN
2023.02.10,09:36:45,37.9415,37.484,3.8,,4.1,4.0,NURHAK
2023.02.10,09:39:14,38.0907,36.6712,11.5,,2.0,,KARAOMER-GOKSUN
2023.02.10,09:41:57,38.0268,37.4335,5.0,,2.6,,NURHAK
2023.02.10,09:44:25,38.2148,36.6117,23.4,,1.5,,KAVSUT-GOKSUN
2023.02.10,09:45:12,37.9985,36.513,5.1,,1.9,,ASLANBEYCIFTLIGI-GOKSUN
2023.02.10,09:46:05,38.0325,37.4703,11.5,,2.4,,TATLAR-NURHAK
2023.02.10,09:46:48,38.1655,37.887,2.9,,2.9,,POLAT-DOGANSEHIR
2023.02.10,09:50:24,38.0385,37.4868,1.5,,2.4,,TATLAR-NURHAK
2023.02.10,09:54:48,38.4275,37.3928,17.3,,2.0,,GAZIKOY-DARENDE
2023.02.10,09:56:55,37.4768,37.091,5.0,,3.4,3.3,CINARLI-PAZARCIK
2023.02.10,09:59:06,38.2052,36.9112,9.6,,1.9,,HUYUKLU-AFSIN
2023.02.10,10:00:21,38.0457,36.4747,5.0,,2.7,,CAGLAYAN-GOKSUN
2023.02.10,10:01:42,38.0432,37.5465,5.0,,3.1,,TATLAR-NURHAK
2023.02.10,10:03:06,38.0477,36.5637,7.6,,2.1,,TEMURAGA-GOKSUN
2023.02.10,10:04:41,37.3475,36.8282,5.0,,4.0,3.8,CECELI-TURKOGLU
2023.02.10,10:05:06,37.2958,36.89,5.0,,3.2,,BALIKALAN-NURDAGI
2023.02.10,10:09:06,37.9465,36.2617,7.4,,1.9,,KAZANDERE-GOKSUN
2023.02.10,10:10:41,38.0093,36.4958,2.3,,2.9,,GOKSUN
2023.02.10,10:13:59,38.3883,36.7253,5.4,,1.9,,INCIRLI-AFSIN
2023.02.10,10:17:20,37.7018,38.08,18.3,,2.9,,YENIKOY-(ADIYAMAN)
2023.02.10,10:21:13,37.9678,36.5353,12.3,,2.5,,KIRECKOY-GOKSUN
2023.02.10,10:22:05,38.1693,36.3998,8.9,,1.9,,GOYNUK-GOKSUN
2023.02.10,10:29:30,38.2322,38.1957,2.8,,3.6,,ATALAR-YESILYURT
2023.02.10,10:40:21,38.1985,36.9508,4.4,,2.3,,ERCENE-AFSIN
2023.02.10,10:44:50,37.6253,37.639,19.1,,2.3,,ASAGINASIRLI-GOLBASI
2023.02.10,10:45:55,38.0643,38.2195,5.0,,2.2,,GOLBAGI-CELIKHAN
2023.02.10,10:54:12,37.7405,27.8847,9.8,,1.9,,SAVRANDERE-(AYDIN)
2023.02.10,10:54:56,38.1047,37.7695,6.4,,2.3,,FINDIKKOY-DOGANSEHIR
2023.02.10,10:57:02,37.9995,36.6275,5.1,,3.4,,ELMALI-GOKSUN
2023.02.10,11:02:00,37.4283,36.9713,14.7,,3.5,,OKSUZLU-(KAHRAMANMARAS)
2023.02.10,11:04:59,38.1718,36.6023,8.0,,1.7,,YENIYAPAN-GOKSUN
2023.02.10,11:05:34,38.2742,38.2498,2.5,,3.6,3.9,GUNDUZBEY-YESILYURT
2023.02.10,11:09:16,39.6733,42.2548,8.7,,2.5,,TASAN-KARAYAZI
2023.02.10,11:11:23,37.5777,36.9493,2.0,,1.9,,KAHRAMANMARAS
2023.02.10,11:14:29,38.0303,36.0353,5.0,,1.9,,GOKMENLER-SAIMBEYLI
2023.02.10,11:16:15,38.0768,37.3968,6.8,,2.7,,AGCASAR-NURHAK
2023.02.10,11:17:27,34.9808,35.2365,79.9,,4.0,4.1,DOGU
2023.02.10,11:21:03,38.0952,37.0607,5.0,,2.9,,SOYSALLI-EKINOZU
2023.02.10,11:22:22,38.0917,37.7702,5.0,,3.8,3.8,SOGUT-DOGANSEHIR
2023.02.10,11:25:53,37.4997,37.1922,11.7,,1.7,,SOGUTLU-PAZARCIK
2023.02.10,11:27:43,37.3603,36.9437,1.0,,2.1,,COBANTEPE-TURKOGLU
2023.02.10,11:30:02,36.8902,36.2898,5.0,,2.6,,KUYULUK-ERZIN
2023.02.10,11:32:46,35.7958,31.2892,14.8,,2.4,,AKDENIZ
2023.02.10,11:34:16,38.0272,36.4763,5.4,,2.1,,GOKSUN
2023.02.10,11:35:03,38.1022,36.2297,5.4,,2.4,,BEYPINARI-SAIMBEYLI
2023.02.10,11:36:50,38.0262,36.5673,5.0,,2.8,,KARAAHMET-GOKSUN
2023.02.10,11:39:02,38.5197,40.3823,1.3,,3.3,,KALEDIBI-HANI
2023.02.10,11:41:53,37.3453,37.0755,10.7,,2.1,,ARSLANBEY-PAZARCIK
2023.02.10,11:42:38,38.0837,36.524,7.2,,2.5,,ALICLIBUCAK-GOKSUN
2023.02.10,11:43:38,38.0517,37.1557,9.0,,1.9,,EKINOZU
2023.02.10,11:45:46,37.9732,36.461,10.9,,2.4,,TASOLUK-GOKSUN
2023.02.10,11:46:24,37.1602,36.8198,5.0,,2.8,,KOMURLER-NURDAGI
2023.02.10,11:50:56,38.1233,37.8303,4.2,,3.1,3.2,FINDIKKOY-DOGANSEHIR
2023.02.10,11:52:03,38.2255,38.2348,3.0,,3.0,3.2,KADIRUSAGI-YESILYURT
2023.02.10,11:54:22,37.9237,36.5595,4.5,,2.1,,KURUCAOVA-(KAHRAMANMARAS)
2023.02.10,11:56:40,38.0578,38.4548,5.4,,2.5,,UGURLU-SINCIK
2023.02.10,12:00:36,37.9525,36.4002,5.4,,2.0,,SIRMALI-GOKSUN
2023.02.10,12:02:49,38.0722,38.0995,5.0,,4.3,4.4,YALINKAYA-YESILYURT
2023.02.10,12:05:27,37.5175,37.2338,2.4,,2.1,,ARMUTLU-PAZARCIK
2023.02.10,12:08:29,38.4907,37.304,19.1,,2.2,,YENIKOY-DARENDE
2023.02.10,12:10:04,38.1953,37.8708,5.0,,2.8,,KARATERZI-DOGANSEHIR
2023.02.10,12:14:19,37.385,36.7695,19.6,,2.2,,UZUNSOGUT-TURKOGLU
2023.02.10,12:16:53,38.2622,36.2155,11.2,,2.2,,TUFANBEYLI
2023.02.10,12:23:35,38.1493,37.2953,8.7,,3.0,,AKBAYIR-ELBISTAN
2023.02.10,12:24:27,38.1673,38.245,6.1,,3.2,,CAMPINAR-CELIKHAN
2023.02.10,12:28:01,37.2125,36.7315,26.4,,2.6,,BADEMLI-NURDAGI
2023.02.10,12:30:05,37.1603,36.9397,1.5,,2.3,,SAKCAGOZE-NURDAGI
2023.02.10,12:36:50,38.0857,36.6483,3.6,,2.8,,GUCUKSU-GOKSUN
2023.02.10,12:41:21,38.2682,38.1393,1.0,,2.4,,GORGU-YESILYURT
2023.02.10,12:43:01,38.1122,37.7293,7.3,,2.1,,ARMUTALAN-ELBISTAN
2023.02.10,12:44:56,38.1323,38.4073,7.9,,2.7,,SALKONAK-YESILYURT
2023.02.10,12:49:22,36.9457,36.6627,5.3,,2.7,,KALAYCIK-ISLAHIYE
2023.02.10,12:50:43,38.1158,37.0827,5.0,,2.4,,ORTAOREN-EKINOZU
2023.02.10,12:54:34,37.5042,37.1107,6.9,,2.7,,KARTAL-(KAHRAMANMARAS)
2023.02.10,12:56:13,37.0122,35.7403,6.4,,2.2,,KUCUKBURHANIYE-CEYHAN
2023.02.10,12:58:27,37.922,36.622,3.1,,3.0,,TEKIR-(KAHRAMANMARAS)
2023.02.10,13:01:21,38.2263,38.1862,4.1,,4.0,4.2,ATALAR-YESILYURT
2023.02.10,13:03:14,38.192,36.7298,28.0,,2.9,,BUYUKKIZILCIK-GOKSUN
2023.02.10,13:04:58,38.0335,37.4848,12.8,,2.7,,TATLAR-NURHAK
2023.02.10,13:07:36,38.1035,36.687,7.8,,2.2,,KARAOMER-GOKSUN
2023.02.10,13:08:21,38.1495,36.6668,25.3,,2.3,,YENIYAPAN-GOKSUN
2023.02.10,13:11:08,37.034,36.8868,6.5,,2.3,,KIRKPINAR-NURDAGI
2023.02.10,13:13:35,38.0758,36.5477,6.7,,2.6,,ALICLIBUCAK-GOKSUN
2023.02.10,13:18:27,37.0102,36.1878,9.7,,2.3,,GOKDERE-ERZIN
2023.02.10,13:24:04,38.1675,36.5452,3.5,,2.2,,KOMURKOY-GOKSUN
2023.02.10,13:25:03,38.142,38.5665,5.0,,2.8,,ARIKONAK-SINCIK
2023.02.10,13:28:16,38.1173,36.7458,5.0,,2.6,,KARAOMER-GOKSUN
2023.02.10,13:29:09,38.0827,36.7062,13.2,,2.7,,FINDIK-GOKSUN
2023.02.10,13:31:15,38.5353,40.4133,5.0,,3.5,,SENLIK-LICE
2023.02.10,13:34:06,37.825,36.6155,12.4,,2.9,,CEVREPINAR-(KAHRAMANMARAS)
2023.02.10,13:35:09,38.161,38.4478,28.2,,2.8,,AKSU-SINCIK
2023.02.10,13:35:55,36.587,36.0285,24.5,,2.6,,ISKENDERUN
2023.02.10,13:40:25,37.6982,36.7545,5.3,,1.6,,BULUTOGLU-(KAHRAMANMARAS)
2023.02.10,13:44:19,38.2822,38.3317,5.0,,2.9,,KARAGOZ-(MALATYA)
2023.02.10,13:46:41,38.0267,36.6763,5.0,,2.6,,KIZILOZ-GOKSUN
2023.02.10,13:50:45,37.0872,38.2428,3.1,,2.8,,YUKARIYENICAG-BIRECIK
2023.02.10,13:52:18,38.1417,37.7218,22.0,,1.9,,ARMUTALAN-ELBISTAN
2023.02.10,13:55:39,37.7978,38.1613,12.6,,2.4,,DARDAGAN-(ADIYAMAN)
2023.02.10,13:56:15,38.3973,36.27,5.1,,1.7,,MIRZAAGA-SARIZ
2023.02.10,14:00:46,37.269,36.9943,5.0,,1.9,,AKDEMIR-PAZARCIK
2023.02.10,14:06:03,38.3002,37.612,9.2,,1.6,,TOPALLI-ELBISTAN
2023.02.10,14:10:24,38.3005,38.174,3.8,,2.6,,IKIZCE-YESILYURT
2023.02.10,14:14:33,38.1575,37.8857,6.1,,2.6,,POLAT-DOGANSEHIR
2023.02.10,14:19:06,38.1332,36.5498,5.2,,2.2,,CAMDERE-GOKSUN
2023.02.10,14:24:11,38.1473,37.9347,5.0,,2.5,,POLATDERESI-DOGANSEHIR
2023.02.10,14:29:28,37.5038,37.0625,3.7,,3.8,,CIGLI-(KAHRAMANMARAS)
2023.02.10,14:29:43,37.3415,35.8463,14.6,,3.0,,ALAPINAR-KOZAN
2023.02.10,14:35:27,38.0117,36.4947,4.5,,2.1,,GOKSUN
2023.02.10,14:40:03,38.0835,38.3358,5.0,,2.8,,TASDAMLAR-CELIKHAN
2023.02.10,14:41:50,38.0523,36.502,5.0,,1.9,,HACIMIRZA-GOKSUN
2023.02.10,14:43:47,38.1643,38.6068,3.0,,2.9,,TEKEDERESI-PUTURGE
2023.02.10,14:44:44,38.1563,37.777,5.0,,2.4,,CAVUSLU-DOGANSEHIR
2023.02.10,14:45:56,37.1507,36.7558,5.0,,2.4,,GOZLUHUYUK-NURDAGI
2023.02.10,14:47:08,37.9568,36.8718,5.0,,2.0,,HACIBUDAK-(KAHRAMANMARAS)
2023.02.10,14:49:19,37.3007,37.093,4.5,,2.4,,ORDEKDEDE-PAZARCIK
2023.02.10,14:52:10,38.0342,37.593,4.4,,2.0,,GOVDELI-DOGANSEHIR
2023.02.10,14:54:03,38.194,37.9762,2.5,,3.1,,SUCATI-DOGANSEHIR
2023.02.10,14:55:26,37.9443,36.332,5.0,,3.8,,YOGUNOLUK-GOKSUN
2023.02.10,15:00:52,38.0037,36.4842,26.0,,1.8,,GOKSUN
2023.02.10,15:05:26,38.0225,36.6542,12.4,,3.2,3.4,AHMETCIK-GOKSUN
2023.02.10,15:09:38,37.2857,37.1913,6.0,,2.9,,KARABIYIKLI-PAZARCIK
2023.02.10,15:12:38,38.257,36.851,8.6,,2.3,,BASUSTU-AFSIN
2023.02.10,15:17:08,37.9192,36.3588,3.0,,3.2,,YOGUNOLUK-GOKSUN
2023.02.10,15:20:17,37.4763,37.159,6.3,,2.1,,DOGANLIKARAHASAN-PAZARCIK
2023.02.10,15:25:33,38.5608,40.412,8.1,,2.2,,YELKAYA-GENC
2023.02.10,14:54:03,38.194,37.9762,2.5,,3.1,,SUCATI-DOGANSEHIR
2023.02.10,14:55:26,37.9443,36.332,5.0,,3.8,,YOGUNOLUK-GOKSUN
2023.02.10,15:00:52,38.0037,36.4842,26.0,,1.8,,GOKSUN
2023.02.10,15:05:26,38.0225,36.6542,12.4,,3.2,3.4,AHMETCIK-GOKSUN
2023.02.10,15:09:38,37.2857,37.1913,6.0,,2.9,,KARABIYIKLI-PAZARCIK
2023.02.10,15:12:38,38.257,36.851,8.6,,2.3,,BASUSTU-AFSIN
2023.02.10,15:17:08,37.9192,36.3588,3.0,,3.2,,YOGUNOLUK-GOKSUN
2023.02.10,15:18:40,37.9335,37.96,1.7,,2.8,,ERKENEK-DOGANSEHIR
2023.02.10,15:20:17,37.4763,37.159,6.3,,2.1,,DOGANLIKARAHASAN-PAZARCIK
2023.02.10,15:25:33,38.5608,40.412,8.1,,2.2,,YELKAYA-GENC
2023.02.10,15:27:26,38.163,37.7827,5.0,,2.5,,CAVUSLU-DOGANSEHIR
2023.02.10,15:31:23,38.2133,38.0792,5.0,,2.9,,ISIKLI-YESILYURT
2023.02.10,15:33:14,38.1098,36.9072,5.6,,3.5,,KEMALPASA-GOKSUN
2023.02.10,15:37:48,38.2533,37.1452,8.0,,2.3,,AGLICA-ELBISTAN
2023.02.10,15:39:35,38.0383,36.5445,13.1,,2.4,,YANTEPE-GOKSUN
2023.02.10,15:41:49,38.2207,36.593,13.0,,1.8,,KAVSUT-GOKSUN
2023.02.10,15:43:13,38.1473,36.8073,16.4,,1.7,,DEVEBOYNU-AFSIN
2023.02.10,15:46:18,38.5473,39.6653,5.0,,3.7,,ORTULU-MADEN
2023.02.10,15:49:16,38.2575,38.0103,11.5,,1.8,,KOMEKAVAK-AKCADAG
2023.02.10,15:50:36,37.9867,37.582,5.1,,2.9,,TATLAR-NURHAK
2023.02.10,15:52:39,38.2892,38.119,5.0,,4.0,3.9,GORGU-YESILYURT
2023.02.10,15:55:13,38.281,37.6143,15.7,,1.9,,TOPALLI-ELBISTAN
2023.02.10,15:57:12,36.9757,36.4215,5.0,,2.9,,KULLU-(OSMANIYE)
2023.02.10,15:59:13,38.076,36.6308,5.3,,1.8,,GUCUKSU-GOKSUN
2023.02.10,15:59:17,38.2285,36.2198,5.2,,1.9,,PINARLAR-TUFANBEYLI
2023.02.10,16:02:41,38.2012,38.0702,5.0,,3.5,3.5,OLUKLU-YESILYURT
2023.02.10,16:05:23,38.2057,37.9005,6.5,,2.2,,KARATERZI-DOGANSEHIR
2023.02.10,16:06:39,38.1053,37.7683,5.0,,2.3,,FINDIKKOY-DOGANSEHIR
2023.02.10,16:09:37,38.0565,36.4312,3.2,,2.7,,CAGLAYAN-GOKSUN
2023.02.10,16:10:48,37.902,36.6185,23.6,,2.1,,TEKIR-(KAHRAMANMARAS)
2023.02.10,16:14:21,38.1395,37.2438,5.6,,2.1,,TASBURUN-ELBISTAN
2023.02.10,16:19:52,36.6247,36.1592,3.2,,2.9,,ISKENDERUN
2023.02.10,16:23:05,39.1543,37.4583,27.4,,1.8,,ARPALI-KANGAL
2023.02.10,16:24:02,38.1463,37.7458,5.0,,2.6,,CAVUSLU-DOGANSEHIR
2023.02.10,16:26:52,38.1833,36.5828,13.6,,3.1,2.8,KAVSUT-GOKSUN
2023.02.10,16:29:13,38.2267,38.1845,5.0,,3.6,3.7,ATALAR-YESILYURT
2023.02.10,16:33:14,38.2805,37.2928,5.0,,3.0,,ELDELEK-ELBISTAN
2023.02.10,16:34:29,38.0448,36.8948,5.3,,2.2,,ERICEK-GOKSUN
